SolidWorks IGES file using analytic representation for surfaces         S      1
1H,,1H;,17HSW868-TH13.SLDPRT,47HZ:\Accessories\Catalogs\G-NiceRF\SW868-TG      1
H13.IGS,15HSolidWorks 2021,15HSolidWorks 2021,32,308,15,308,15,17HSW868-G      2
TH13.SLDPRT,1.,2,2HMM,50,0.125,13H220914.100343,1E-08,499990.,7Hke-klvi,G      3
,11,0,13H220914.100343;                                                 G      4
     110       1       0       0       0                        00000000D      1
     110       0       0       1       0                               0D      2
     110       2       0       0       0                        00000000D      3
     110       0       0       1       0                               0D      4
     110       3       0       0       0                        00000000D      5
     110       0       0       1       0                               0D      6
     100       4       0       0       0                        00000000D      7
     100       0       0       1       0                               0D      8
     124       5       0       0       0                        00000000D      9
     124       0       0       2       0                               0D     10
     100       7       0       0       0               9        00000000D     11
     100       0       0       1       0                               0D     12
     126       8       0       0       0                        00000000D     13
     126       0       0       5       0                               0D     14
     402      13       0       0       0                        00000000D     15
     402       0       0       1      15                3DSKETCH       1D     16
     314      14       0       0       0                        00000200D     17
     314       0       0       1       0                               0D     18
     128      15       0       0       0                        01010000D     19
     128       0       0      23       0                               0D     20
     126      38       0       0       0                        01010500D     21
     126       0       0       2       0                               0D     22
     124      40       0       0       0                        00000000D     23
     124       0       0       3       0                               0D     24
     100      43       0       0       0              23        01010000D     25
     100       0       0       1       0                               0D     26
     126      44       0       0       0                        01010500D     27
     126       0       0       2       0                               0D     28
     124      46       0       0       0                        00000000D     29
     124       0       0       2       0                               0D     30
     100      48       0       0       0              29        01010000D     31
     100       0       0       1       0                               0D     32
     126      49       0       0       0                        01010500D     33
     126       0       0       2       0                               0D     34
     124      51       0       0       0                        00000000D     35
     124       0       0       4       0                               0D     36
     100      55       0       0       0              35        01010000D     37
     100       0       0       1       0                               0D     38
     126      56       0       0       0                        01010500D     39
     126       0       0       2       0                               0D     40
     124      58       0       0       0                        00000000D     41
     124       0       0       3       0                               0D     42
     100      61       0       0       0              41        01010000D     43
     100       0       0       1       0                               0D     44
     102      62       0       0       0                        01010500D     45
     102       0       0       1       0                               0D     46
     102      63       0       0       0                        01010000D     47
     102       0       0       1       0                               0D     48
     142      64       0       0       0                        00010500D     49
     142       0       0       1       0                               0D     50
     144      65       0       0       0                        00000000D     51
     144       0     -17       1       0                               0D     52
     128      66       0       0       0                        01010000D     53
     128       0       0      23       0                               0D     54
     126      89       0       0       0                        01010500D     55
     126       0       0       2       0                               0D     56
     124      91       0       0       0                        00000000D     57
     124       0       0       3       0                               0D     58
     100      94       0       0       0              57        01010000D     59
     100       0       0       1       0                               0D     60
     126      95       0       0       0                        01010500D     61
     126       0       0       2       0                               0D     62
     124      97       0       0       0                        00000000D     63
     124       0       0       3       0                               0D     64
     100     100       0       0       0              63        01010000D     65
     100       0       0       1       0                               0D     66
     126     101       0       0       0                        01010500D     67
     126       0       0       2       0                               0D     68
     124     103       0       0       0                        00000000D     69
     124       0       0       3       0                               0D     70
     100     106       0       0       0              69        01010000D     71
     100       0       0       1       0                               0D     72
     126     107       0       0       0                        01010500D     73
     126       0       0       2       0                               0D     74
     124     109       0       0       0                        00000000D     75
     124       0       0       3       0                               0D     76
     100     112       0       0       0              75        01010000D     77
     100       0       0       1       0                               0D     78
     126     113       0       0       0                        01010500D     79
     126       0       0       2       0                               0D     80
     100     115       0       0       0                        01010000D     81
     100       0       0       1       0                               0D     82
     126     116       0       0       0                        01010500D     83
     126       0       0       2       0                               0D     84
     124     118       0       0       0                        00000000D     85
     124       0       0       3       0                               0D     86
     100     121       0       0       0              85        01010000D     87
     100       0       0       1       0                               0D     88
     102     122       0       0       0                        01010500D     89
     102       0       0       1       0                               0D     90
     102     123       0       0       0                        01010000D     91
     102       0       0       1       0                               0D     92
     142     124       0       0       0                        00010500D     93
     142       0       0       1       0                               0D     94
     144     125       0       0       0                        00000000D     95
     144       0     -17       1       0                               0D     96
     128     126       0       0       0                        01010000D     97
     128       0       0     542       0                               0D     98
     126     668       0       0       0                        01010500D     99
     126       0       0       2       0                               0D    100
     126     670       0       0       0                        01010000D    101
     126       0       0     157       0                               0D    102
     126     827       0       0       0                        01010500D    103
     126       0       0       2       0                               0D    104
     124     829       0       0       0                        00000000D    105
     124       0       0       4       0                               0D    106
     100     833       0       0       0             105        01010000D    107
     100       0       0       2       0                               0D    108
     126     835       0       0       0                        01010500D    109
     126       0       0       2       0                               0D    110
     126     837       0       0       0                        01010000D    111
     126       0       0     158       0                               0D    112
     126     995       0       0       0                        01010500D    113
     126       0       0       2       0                               0D    114
     124     997       0       0       0                        00000000D    115
     124       0       0       4       0                               0D    116
     100    1001       0       0       0             115        01010000D    117
     100       0       0       2       0                               0D    118
     102    1003       0       0       0                        01010500D    119
     102       0       0       1       0                               0D    120
     102    1004       0       0       0                        01010000D    121
     102       0       0       1       0                               0D    122
     142    1005       0       0       0                        00010500D    123
     142       0       0       1       0                               0D    124
     144    1006       0       0       0                        00000000D    125
     144       0     -17       1       0                               0D    126
     128    1007       0       0       0                        01010000D    127
     128       0       0      38       0                               0D    128
     126    1045       0       0       0                        01010500D    129
     126       0       0       2       0                               0D    130
     126    1047       0       0       0                        01010000D    131
     126       0       0      13       0                               0D    132
     126    1060       0       0       0                        01010500D    133
     126       0       0       2       0                               0D    134
     124    1062       0       0       0                        00000000D    135
     124       0       0       4       0                               0D    136
     100    1066       0       0       0             135        01010000D    137
     100       0       0       2       0                               0D    138
     126    1068       0       0       0                        01010500D    139
     126       0       0       2       0                               0D    140
     126    1070       0       0       0                        01010000D    141
     126       0       0      13       0                               0D    142
     126    1083       0       0       0                        01010500D    143
     126       0       0       2       0                               0D    144
     124    1085       0       0       0                        00000000D    145
     124       0       0       4       0                               0D    146
     100    1089       0       0       0             145        01010000D    147
     100       0       0       2       0                               0D    148
     102    1091       0       0       0                        01010500D    149
     102       0       0       1       0                               0D    150
     102    1092       0       0       0                        01010000D    151
     102       0       0       1       0                               0D    152
     142    1093       0       0       0                        00010500D    153
     142       0       0       1       0                               0D    154
     144    1094       0       0       0                        00000000D    155
     144       0     -17       1       0                               0D    156
     128    1095       0       0       0                        01010000D    157
     128       0       0      36       0                               0D    158
     126    1131       0       0       0                        01010500D    159
     126       0       0       2       0                               0D    160
     126    1133       0       0       0                        01010000D    161
     126       0       0      13       0                               0D    162
     126    1146       0       0       0                        01010500D    163
     126       0       0       2       0                               0D    164
     124    1148       0       0       0                        00000000D    165
     124       0       0       4       0                               0D    166
     100    1152       0       0       0             165        01010000D    167
     100       0       0       2       0                               0D    168
     126    1154       0       0       0                        01010500D    169
     126       0       0       2       0                               0D    170
     126    1156       0       0       0                        01010000D    171
     126       0       0      13       0                               0D    172
     126    1169       0       0       0                        01010500D    173
     126       0       0       2       0                               0D    174
     124    1171       0       0       0                        00000000D    175
     124       0       0       4       0                               0D    176
     100    1175       0       0       0             175        01010000D    177
     100       0       0       1       0                               0D    178
     102    1176       0       0       0                        01010500D    179
     102       0       0       1       0                               0D    180
     102    1177       0       0       0                        01010000D    181
     102       0       0       1       0                               0D    182
     142    1178       0       0       0                        00010500D    183
     142       0       0       1       0                               0D    184
     144    1179       0       0       0                        00000000D    185
     144       0     -17       1       0                               0D    186
     110    1180       0       0       0                        01010000D    187
     110       0       0       1       0                               0D    188
     110    1181       0       0       0                        01010000D    189
     110       0       0       1       0                               0D    190
     120    1182       0       0       0                        01010000D    191
     120       0       0       1       0                               0D    192
     126    1183       0       0       0                        01010500D    193
     126       0       0       2       0                               0D    194
     100    1185       0       0       0                        01010000D    195
     100       0       0       1       0                               0D    196
     126    1186       0       0       0                        01010500D    197
     126       0       0       2       0                               0D    198
     110    1188       0       0       0                        01010000D    199
     110       0       0       1       0                               0D    200
     126    1189       0       0       0                        01010500D    201
     126       0       0       2       0                               0D    202
     124    1191       0       0       0                        00000000D    203
     124       0       0       4       0                               0D    204
     100    1195       0       0       0             203        01010000D    205
     100       0       0       1       0                               0D    206
     126    1196       0       0       0                        01010500D    207
     126       0       0       2       0                               0D    208
     110    1198       0       0       0                        01010000D    209
     110       0       0       1       0                               0D    210
     102    1199       0       0       0                        01010500D    211
     102       0       0       1       0                               0D    212
     102    1200       0       0       0                        01010000D    213
     102       0       0       1       0                               0D    214
     142    1201       0       0       0                        00010500D    215
     142       0       0       1       0                               0D    216
     144    1202       0       0       0                        00000000D    217
     144       0     -17       1       0                               0D    218
     110    1203       0       0       0                        01010000D    219
     110       0       0       1       0                               0D    220
     110    1204       0       0       0                        01010000D    221
     110       0       0       1       0                               0D    222
     120    1205       0       0       0                        01010000D    223
     120       0       0       1       0                               0D    224
     126    1206       0       0       0                        01010500D    225
     126       0       0       2       0                               0D    226
     124    1208       0       0       0                        00000000D    227
     124       0       0       2       0                               0D    228
     100    1210       0       0       0             227        01010000D    229
     100       0       0       1       0                               0D    230
     126    1211       0       0       0                        01010500D    231
     126       0       0       2       0                               0D    232
     110    1213       0       0       0                        01010000D    233
     110       0       0       1       0                               0D    234
     126    1214       0       0       0                        01010500D    235
     126       0       0       2       0                               0D    236
     124    1216       0       0       0                        00000000D    237
     124       0       0       3       0                               0D    238
     100    1219       0       0       0             237        01010000D    239
     100       0       0       1       0                               0D    240
     126    1220       0       0       0                        01010500D    241
     126       0       0       2       0                               0D    242
     110    1222       0       0       0                        01010000D    243
     110       0       0       1       0                               0D    244
     126    1223       0       0       0                        01010500D    245
     126       0       0       2       0                               0D    246
     124    1225       0       0       0                        00000000D    247
     124       0       0       3       0                               0D    248
     100    1228       0       0       0             247        01010000D    249
     100       0       0       1       0                               0D    250
     102    1229       0       0       0                        01010500D    251
     102       0       0       1       0                               0D    252
     102    1230       0       0       0                        01010000D    253
     102       0       0       1       0                               0D    254
     142    1231       0       0       0                        00010500D    255
     142       0       0       1       0                               0D    256
     144    1232       0       0       0                        00000000D    257
     144       0     -17       1       0                               0D    258
     110    1233       0       0       0                        01010000D    259
     110       0       0       1       0                               0D    260
     110    1234       0       0       0                        01010000D    261
     110       0       0       1       0                               0D    262
     120    1235       0       0       0                        01010000D    263
     120       0       0       1       0                               0D    264
     126    1236       0       0       0                        01010500D    265
     126       0       0       2       0                               0D    266
     124    1238       0       0       0                        00000000D    267
     124       0       0       2       0                               0D    268
     100    1240       0       0       0             267        01010000D    269
     100       0       0       1       0                               0D    270
     126    1241       0       0       0                        01010500D    271
     126       0       0       2       0                               0D    272
     110    1243       0       0       0                        01010000D    273
     110       0       0       1       0                               0D    274
     126    1244       0       0       0                        01010500D    275
     126       0       0       2       0                               0D    276
     124    1246       0       0       0                        00000000D    277
     124       0       0       2       0                               0D    278
     100    1248       0       0       0             277        01010000D    279
     100       0       0       1       0                               0D    280
     126    1249       0       0       0                        01010500D    281
     126       0       0       2       0                               0D    282
     124    1251       0       0       0                        00000000D    283
     124       0       0       3       0                               0D    284
     100    1254       0       0       0             283        01010000D    285
     100       0       0       1       0                               0D    286
     126    1255       0       0       0                        01010500D    287
     126       0       0       2       0                               0D    288
     110    1257       0       0       0                        01010000D    289
     110       0       0       1       0                               0D    290
     102    1258       0       0       0                        01010500D    291
     102       0       0       1       0                               0D    292
     102    1259       0       0       0                        01010000D    293
     102       0       0       1       0                               0D    294
     142    1260       0       0       0                        00010500D    295
     142       0       0       1       0                               0D    296
     144    1261       0       0       0                        00000000D    297
     144       0     -17       1       0                               0D    298
     128    1262       0       0       0                        01010000D    299
     128       0       0       3       0                               0D    300
     126    1265       0       0       0                        01010500D    301
     126       0       0      11       0                               0D    302
     124    1276       0       0       0                        00000000D    303
     124       0       0       3       0                               0D    304
     100    1279       0       0       0             303        01010000D    305
     100       0       0       1       0                               0D    306
     126    1280       0       0       0                        01010500D    307
     126       0       0      11       0                               0D    308
     124    1291       0       0       0                        00000000D    309
     124       0       0       2       0                               0D    310
     100    1293       0       0       0             309        01010000D    311
     100       0       0       1       0                               0D    312
     102    1294       0       0       0                        01010500D    313
     102       0       0       1       0                               0D    314
     102    1295       0       0       0                        01010000D    315
     102       0       0       1       0                               0D    316
     142    1296       0       0       0                        00010500D    317
     142       0       0       1       0                               0D    318
     144    1297       0       0       0                        00000000D    319
     144       0     -17       1       0                               0D    320
     128    1298       0       0       0                        01010000D    321
     128       0       0       4       0                               0D    322
     126    1302       0       0       0                        01010500D    323
     126       0       0      11       0                               0D    324
     124    1313       0       0       0                        00000000D    325
     124       0       0       4       0                               0D    326
     100    1317       0       0       0             325        01010000D    327
     100       0       0       2       0                               0D    328
     126    1319       0       0       0                        01010500D    329
     126       0       0      11       0                               0D    330
     124    1330       0       0       0                        00000000D    331
     124       0       0       4       0                               0D    332
     100    1334       0       0       0             331        01010000D    333
     100       0       0       2       0                               0D    334
     102    1336       0       0       0                        01010500D    335
     102       0       0       1       0                               0D    336
     102    1337       0       0       0                        01010000D    337
     102       0       0       1       0                               0D    338
     142    1338       0       0       0                        00010500D    339
     142       0       0       1       0                               0D    340
     144    1339       0       0       0                        00000000D    341
     144       0     -17       1       0                               0D    342
     110    1340       0       0       0                        01010000D    343
     110       0       0       1       0                               0D    344
     110    1341       0       0       0                        01010000D    345
     110       0       0       1       0                               0D    346
     120    1342       0       0       0                        01010000D    347
     120       0       0       1       0                               0D    348
     126    1343       0       0       0                        01010500D    349
     126       0       0       2       0                               0D    350
     110    1345       0       0       0                        01010000D    351
     110       0       0       1       0                               0D    352
     126    1346       0       0       0                        01010500D    353
     126       0       0       2       0                               0D    354
     124    1348       0       0       0                        00000000D    355
     124       0       0       3       0                               0D    356
     100    1351       0       0       0             355        01010000D    357
     100       0       0       1       0                               0D    358
     126    1352       0       0       0                        01010500D    359
     126       0       0       2       0                               0D    360
     110    1354       0       0       0                        01010000D    361
     110       0       0       1       0                               0D    362
     126    1355       0       0       0                        01010500D    363
     126       0       0       2       0                               0D    364
     124    1357       0       0       0                        00000000D    365
     124       0       0       3       0                               0D    366
     100    1360       0       0       0             365        01010000D    367
     100       0       0       1       0                               0D    368
     126    1361       0       0       0                        01010500D    369
     126       0       0       2       0                               0D    370
     124    1363       0       0       0                        00000000D    371
     124       0       0       4       0                               0D    372
     100    1367       0       0       0             371        01010000D    373
     100       0       0       1       0                               0D    374
     102    1368       0       0       0                        01010500D    375
     102       0       0       1       0                               0D    376
     102    1369       0       0       0                        01010000D    377
     102       0       0       1       0                               0D    378
     142    1370       0       0       0                        00010500D    379
     142       0       0       1       0                               0D    380
     144    1371       0       0       0                        00000000D    381
     144       0     -17       1       0                               0D    382
     128    1372       0       0       0                        01010000D    383
     128       0       0      23       0                               0D    384
     126    1395       0       0       0                        01010500D    385
     126       0       0       2       0                               0D    386
     100    1397       0       0       0                        01010000D    387
     100       0       0       1       0                               0D    388
     126    1398       0       0       0                        01010500D    389
     126       0       0       2       0                               0D    390
     124    1400       0       0       0                        00000000D    391
     124       0       0       3       0                               0D    392
     100    1403       0       0       0             391        01010000D    393
     100       0       0       1       0                               0D    394
     126    1404       0       0       0                        01010500D    395
     126       0       0       2       0                               0D    396
     124    1406       0       0       0                        00000000D    397
     124       0       0       2       0                               0D    398
     100    1408       0       0       0             397        01010000D    399
     100       0       0       1       0                               0D    400
     126    1409       0       0       0                        01010500D    401
     126       0       0       2       0                               0D    402
     124    1411       0       0       0                        00000000D    403
     124       0       0       4       0                               0D    404
     100    1415       0       0       0             403        01010000D    405
     100       0       0       1       0                               0D    406
     126    1416       0       0       0                        01010500D    407
     126       0       0       2       0                               0D    408
     124    1418       0       0       0                        00000000D    409
     124       0       0       2       0                               0D    410
     100    1420       0       0       0             409        01010000D    411
     100       0       0       1       0                               0D    412
     126    1421       0       0       0                        01010500D    413
     126       0       0       2       0                               0D    414
     124    1423       0       0       0                        00000000D    415
     124       0       0       3       0                               0D    416
     100    1426       0       0       0             415        01010000D    417
     100       0       0       1       0                               0D    418
     102    1427       0       0       0                        01010500D    419
     102       0       0       1       0                               0D    420
     102    1428       0       0       0                        01010000D    421
     102       0       0       1       0                               0D    422
     142    1429       0       0       0                        00010500D    423
     142       0       0       1       0                               0D    424
     144    1430       0       0       0                        00000000D    425
     144       0     -17       1       0                               0D    426
     110    1431       0       0       0                        01010000D    427
     110       0       0       1       0                               0D    428
     110    1432       0       0       0                        01010000D    429
     110       0       0       1       0                               0D    430
     120    1433       0       0       0                        01010000D    431
     120       0       0       1       0                               0D    432
     126    1434       0       0       0                        01010500D    433
     126       0       0       2       0                               0D    434
     110    1436       0       0       0                        01010000D    435
     110       0       0       1       0                               0D    436
     126    1437       0       0       0                        01010500D    437
     126       0       0       2       0                               0D    438
     124    1439       0       0       0                        00000000D    439
     124       0       0       3       0                               0D    440
     100    1442       0       0       0             439        01010000D    441
     100       0       0       1       0                               0D    442
     126    1443       0       0       0                        01010500D    443
     126       0       0       2       0                               0D    444
     124    1445       0       0       0                        00000000D    445
     124       0       0       3       0                               0D    446
     100    1448       0       0       0             445        01010000D    447
     100       0       0       1       0                               0D    448
     126    1449       0       0       0                        01010500D    449
     126       0       0       2       0                               0D    450
     110    1451       0       0       0                        01010000D    451
     110       0       0       1       0                               0D    452
     126    1452       0       0       0                        01010500D    453
     126       0       0       2       0                               0D    454
     124    1454       0       0       0                        00000000D    455
     124       0       0       3       0                               0D    456
     100    1457       0       0       0             455        01010000D    457
     100       0       0       1       0                               0D    458
     102    1458       0       0       0                        01010500D    459
     102       0       0       1       0                               0D    460
     102    1459       0       0       0                        01010000D    461
     102       0       0       1       0                               0D    462
     142    1460       0       0       0                        00010500D    463
     142       0       0       1       0                               0D    464
     144    1461       0       0       0                        00000000D    465
     144       0     -17       1       0                               0D    466
     128    1462       0       0       0                        01010000D    467
     128       0       0      23       0                               0D    468
     126    1485       0       0       0                        01010500D    469
     126       0       0       2       0                               0D    470
     124    1487       0       0       0                        00000000D    471
     124       0       0       3       0                               0D    472
     100    1490       0       0       0             471        01010000D    473
     100       0       0       1       0                               0D    474
     126    1491       0       0       0                        01010500D    475
     126       0       0       2       0                               0D    476
     124    1493       0       0       0                        00000000D    477
     124       0       0       3       0                               0D    478
     100    1496       0       0       0             477        01010000D    479
     100       0       0       1       0                               0D    480
     126    1497       0       0       0                        01010500D    481
     126       0       0       2       0                               0D    482
     124    1499       0       0       0                        00000000D    483
     124       0       0       2       0                               0D    484
     100    1501       0       0       0             483        01010000D    485
     100       0       0       1       0                               0D    486
     126    1502       0       0       0                        01010500D    487
     126       0       0       2       0                               0D    488
     124    1504       0       0       0                        00000000D    489
     124       0       0       4       0                               0D    490
     100    1508       0       0       0             489        01010000D    491
     100       0       0       1       0                               0D    492
     102    1509       0       0       0                        01010500D    493
     102       0       0       1       0                               0D    494
     102    1510       0       0       0                        01010000D    495
     102       0       0       1       0                               0D    496
     142    1511       0       0       0                        00010500D    497
     142       0       0       1       0                               0D    498
     144    1512       0       0       0                        00000000D    499
     144       0     -17       1       0                               0D    500
     110    1513       0       0       0                        01010000D    501
     110       0       0       1       0                               0D    502
     110    1514       0       0       0                        01010000D    503
     110       0       0       1       0                               0D    504
     120    1515       0       0       0                        01010000D    505
     120       0       0       1       0                               0D    506
     126    1516       0       0       0                        01010500D    507
     126       0       0       2       0                               0D    508
     110    1518       0       0       0                        01010000D    509
     110       0       0       1       0                               0D    510
     126    1519       0       0       0                        01010500D    511
     126       0       0       2       0                               0D    512
     100    1521       0       0       0                        01010000D    513
     100       0       0       1       0                               0D    514
     126    1522       0       0       0                        01010500D    515
     126       0       0       2       0                               0D    516
     110    1524       0       0       0                        01010000D    517
     110       0       0       1       0                               0D    518
     126    1525       0       0       0                        01010500D    519
     126       0       0       2       0                               0D    520
     124    1527       0       0       0                        00000000D    521
     124       0       0       4       0                               0D    522
     100    1531       0       0       0             521        01010000D    523
     100       0       0       1       0                               0D    524
     102    1532       0       0       0                        01010500D    525
     102       0       0       1       0                               0D    526
     102    1533       0       0       0                        01010000D    527
     102       0       0       1       0                               0D    528
     142    1534       0       0       0                        00010500D    529
     142       0       0       1       0                               0D    530
     144    1535       0       0       0                        00000000D    531
     144       0     -17       1       0                               0D    532
     128    1536       0       0       0                        01010000D    533
     128       0       0      36       0                               0D    534
     126    1572       0       0       0                        01010500D    535
     126       0       0       2       0                               0D    536
     124    1574       0       0       0                        00000000D    537
     124       0       0       4       0                               0D    538
     100    1578       0       0       0             537        01010000D    539
     100       0       0       2       0                               0D    540
     126    1580       0       0       0                        01010500D    541
     126       0       0       2       0                               0D    542
     126    1582       0       0       0                        01010000D    543
     126       0       0      13       0                               0D    544
     126    1595       0       0       0                        01010500D    545
     126       0       0       2       0                               0D    546
     124    1597       0       0       0                        00000000D    547
     124       0       0       4       0                               0D    548
     100    1601       0       0       0             547        01010000D    549
     100       0       0       1       0                               0D    550
     126    1602       0       0       0                        01010500D    551
     126       0       0       2       0                               0D    552
     126    1604       0       0       0                        01010000D    553
     126       0       0      13       0                               0D    554
     102    1617       0       0       0                        01010500D    555
     102       0       0       1       0                               0D    556
     102    1618       0       0       0                        01010000D    557
     102       0       0       1       0                               0D    558
     142    1619       0       0       0                        00010500D    559
     142       0       0       1       0                               0D    560
     144    1620       0       0       0                        00000000D    561
     144       0     -17       1       0                               0D    562
     128    1621       0       0       0                        01010000D    563
     128       0       0      38       0                               0D    564
     126    1659       0       0       0                        01010500D    565
     126       0       0       2       0                               0D    566
     124    1661       0       0       0                        00000000D    567
     124       0       0       4       0                               0D    568
     100    1665       0       0       0             567        01010000D    569
     100       0       0       2       0                               0D    570
     126    1667       0       0       0                        01010500D    571
     126       0       0       2       0                               0D    572
     126    1669       0       0       0                        01010000D    573
     126       0       0      13       0                               0D    574
     126    1682       0       0       0                        01010500D    575
     126       0       0       2       0                               0D    576
     124    1684       0       0       0                        00000000D    577
     124       0       0       4       0                               0D    578
     100    1688       0       0       0             577        01010000D    579
     100       0       0       2       0                               0D    580
     126    1690       0       0       0                        01010500D    581
     126       0       0       2       0                               0D    582
     126    1692       0       0       0                        01010000D    583
     126       0       0      13       0                               0D    584
     102    1705       0       0       0                        01010500D    585
     102       0       0       1       0                               0D    586
     102    1706       0       0       0                        01010000D    587
     102       0       0       1       0                               0D    588
     142    1707       0       0       0                        00010500D    589
     142       0       0       1       0                               0D    590
     144    1708       0       0       0                        00000000D    591
     144       0     -17       1       0                               0D    592
     128    1709       0       0       0                        01010000D    593
     128       0       0     543       0                               0D    594
     126    2252       0       0       0                        01010500D    595
     126       0       0       2       0                               0D    596
     124    2254       0       0       0                        00000000D    597
     124       0       0       4       0                               0D    598
     100    2258       0       0       0             597        01010000D    599
     100       0       0       2       0                               0D    600
     126    2260       0       0       0                        01010500D    601
     126       0       0       2       0                               0D    602
     126    2262       0       0       0                        01010000D    603
     126       0       0     158       0                               0D    604
     126    2420       0       0       0                        01010500D    605
     126       0       0       2       0                               0D    606
     124    2422       0       0       0                        00000000D    607
     124       0       0       4       0                               0D    608
     100    2426       0       0       0             607        01010000D    609
     100       0       0       2       0                               0D    610
     126    2428       0       0       0                        01010500D    611
     126       0       0       2       0                               0D    612
     126    2430       0       0       0                        01010000D    613
     126       0       0     157       0                               0D    614
     102    2587       0       0       0                        01010500D    615
     102       0       0       1       0                               0D    616
     102    2588       0       0       0                        01010000D    617
     102       0       0       1       0                               0D    618
     142    2589       0       0       0                        00010500D    619
     142       0       0       1       0                               0D    620
     144    2590       0       0       0                        00000000D    621
     144       0     -17       1       0                               0D    622
110,0.,-0.5,0.,0.,-4.9,0.;                                             1P      1
110,0.5,-5.4,0.,2.9,-5.4,0.;                                           3P      2
110,0.,0.,0.5,0.,0.,1.2;                                               5P      3
100,0.,0.5,-4.9,0.,-4.9,0.5,-5.4;                                      7P      4
124,6.12323399573677E-17,0.,1.,-0.5,0.,1.,0.,0.,-1.,0.,                9P      5
6.12323399573677E-17,0.5;                                              9P      6
100,0.5,0.,-0.5,0.5,-0.5,0.,0.;                                       11P      7
126,4,3,1,0,1,0,0.,0.,0.,0.,0.558687119598772,1.,1.,1.,1.,1.,         13P      8
1.,1.,1.,1.,-1.661700936,0.,1.661700936,-1.192162822,                 13P      9
-0.064018363,2.13123905,-0.422288957,-0.007369789,2.451241175,        13P     10
0.,0.,1.643095682,0.,0.,1.2,0.,1.,0.205309903,-0.921064125,           13P     11
-0.330890799;                                                         13P     12
402,6,1,3,5,7,11,13;                                                  15P     13
314,53.7254901960784,34.9019607843137,33.7254901960784,;              17P     14
128,6,3,3,3,0,0,0,0,0,0.,0.,0.,0.,0.5,0.5,0.5,1.,1.,1.,1.,0.,         19P     15
0.,0.,0.,1.,1.,1.,1.,1.,0.780588314885163,0.780588314885163,1.,       19P     16
0.780588314885163,0.780588314885163,1.,0.804737854124365,             19P     17
0.62816896547524,0.62816896547524,0.804737854124365,                  19P     18
0.62816896547524,0.62816896547524,0.804737854124365,                  19P     19
0.804737854124365,0.62816896547524,0.62816896547524,                  19P     20
0.804737854124365,0.62816896547524,0.62816896547524,                  19P     21
0.804737854124365,1.,0.780588314885163,0.780588314885163,1.,          19P     22
0.780588314885163,0.780588314885163,1.,-0.039933367,-0.5,             19P     23
0.398001666,0.212135984,-0.5,0.423292962,0.4,-0.5,0.25333497,         19P     24
0.4,-0.5,0.,0.4,-0.5,-0.25333497,0.212135984,-0.5,-0.423292962,       19P     25
-0.039933367,-0.5,-0.398001666,-0.039933367,-0.440250759,             19P     26
0.398001666,0.212135984,-0.455066057,0.423292962,0.4,                 19P     27
-0.355506971,0.25333497,0.4,-0.207106781,0.,0.4,-0.058706591,         19P     28
-0.25333497,0.212135984,0.040852495,-0.423292962,-0.039933367,        19P     29
0.026037197,-0.398001666,-0.039933367,-0.398001666,0.440250759,       19P     30
0.212135984,-0.423292962,0.455066057,0.4,-0.25333497,                 19P     31
0.355506971,0.4,0.,0.207106781,0.4,0.25333497,0.058706591,            19P     32
0.212135984,0.423292962,-0.040852495,-0.039933367,0.398001666,        19P     33
-0.026037197,-0.039933367,-0.398001666,0.5,0.212135984,               19P     34
-0.423292962,0.5,0.4,-0.25333497,0.5,0.4,0.,0.5,0.4,0.25333497,       19P     35
0.5,0.212135984,0.423292962,0.5,-0.039933367,0.398001666,0.5,         19P     36
0.,1.,0.,1.;                                                          19P     37
126,1,1,1,0,1,0,0.,0.,1.,1.,1.,1.,0.033007593,0.,0.,                  21P     38
0.966992407,0.,0.,0.,1.,0.,0.,1.;                                     21P     39
124,1.40271576953299E-14,1.,0.,0.5,-6.12323399573677E-17,             23P     40
8.58915688636046E-31,1.,-0.5,1.,-1.40271576953299E-14,                23P     41
6.12323399573677E-17,-7.01357884766495E-15;                           23P     42
100,0.,0.,-0.5,0.4,-0.5,-0.4,-0.5;                                    25P     43
126,1,1,1,0,1,0,0.,0.,1.,1.,1.,1.,0.966992407,0.,0.,                  27P     44
0.966992407,1.,0.,0.,1.,0.,0.,1.;                                     27P     45
124,6.12323399573677E-17,0.,1.,-0.5,0.,1.,0.,0.,-1.,0.,               29P     46
6.12323399573677E-17,0.5;                                             29P     47
100,0.5,0.,-0.5,0.9,-0.5,0.,0.4;                                      31P     48
126,1,1,1,0,1,0,0.,0.,1.,1.,1.,1.,0.966992407,1.,0.,                  33P     49
0.033007593,1.,0.,0.,1.,0.,0.,1.;                                     33P     50
124,1.38514353414898E-14,1.,-6.98296267768627E-15,                    35P     51
3.49148133884313E-15,1.,-1.38514353414898E-14,                        35P     52
-1.04111446384006E-30,5.20557231920033E-31,                           35P     53
-9.77651704858477E-29,-6.98296267768627E-15,-1.,1.;                   35P     54
100,0.5,0.,0.,0.4,0.,-0.4,0.;                                         37P     55
126,1,1,1,0,1,0,0.,0.,1.,1.,1.,1.,0.033007593,1.,0.,                  39P     56
0.033007593,0.,0.,0.,1.,0.,0.,1.;                                     39P     57
124,3.74939945665464E-33,-6.12323399573677E-17,-1.,0.5,1.,            41P     58
6.12323399573677E-17,0.,-0.5,6.12323399573677E-17,-1.,                41P     59
6.12323399573677E-17,-6.12323399573676E-17;                           41P     60
100,0.5,0.,-0.5,0.1,-0.5,0.,-0.4;                                     43P     61
102,4,21,27,33,39;                                                    45P     62
102,4,25,31,37,43;                                                    47P     63
142,1,19,45,47,1;                                                     49P     64
144,19,1,0,49;                                                        51P     65
128,6,3,3,3,0,0,0,0,0,0.,0.,0.,0.,0.5,0.5,0.5,1.,1.,1.,1.,0.,         53P     66
0.,0.,0.,1.,1.,1.,1.,1.,0.780588314885163,0.780588314885163,1.,       53P     67
0.780588314885162,0.780588314885162,1.,0.804737854124365,             53P     68
0.62816896547524,0.62816896547524,0.804737854124365,                  53P     69
0.62816896547524,0.62816896547524,0.804737854124365,                  53P     70
0.804737854124365,0.62816896547524,0.62816896547524,                  53P     71
0.804737854124365,0.62816896547524,0.62816896547524,                  53P     72
0.804737854124365,1.,0.780588314885163,0.780588314885163,1.,          53P     73
0.780588314885162,0.780588314885162,1.,0.5,-5.001998334,              53P     74
0.039933367,0.5,-4.976707038,-0.212135984,0.5,-5.14666503,-0.4,       53P     75
0.5,-5.4,-0.4,0.5,-5.65333497,-0.4,0.5,-5.823292962,                  53P     76
-0.212135984,0.5,-5.798001666,0.039933367,0.440250759,                53P     77
-5.001998334,0.039933367,0.455066057,-4.976707038,-0.212135984,       53P     78
0.355506971,-5.14666503,-0.4,0.207106781,-5.4,-0.4,0.058706591,       53P     79
-5.65333497,-0.4,-0.040852495,-5.823292962,-0.212135984,              53P     80
-0.026037197,-5.798001666,0.039933367,0.398001666,-4.959749241,       53P     81
0.039933367,0.423292962,-4.944933943,-0.212135984,0.25333497,         53P     82
-5.044493029,-0.4,0.,-5.192893219,-0.4,-0.25333497,                   53P     83
-5.341293409,-0.4,-0.423292962,-5.440852495,-0.212135984,             53P     84
-0.398001666,-5.426037197,0.039933367,0.398001666,-4.9,               53P     85
0.039933367,0.423292962,-4.9,-0.212135984,0.25333497,-4.9,-0.4,       53P     86
0.,-4.9,-0.4,-0.25333497,-4.9,-0.4,-0.423292962,-4.9,                 53P     87
-0.212135984,-0.398001666,-4.9,0.039933367,0.,1.,0.,1.;               53P     88
126,1,1,1,0,1,0,0.,0.,1.,1.,1.,1.,0.5,0.,0.,0.966992407,0.,0.,        55P     89
0.,1.,0.,0.,1.;                                                       55P     90
124,-6.12323399573677E-17,4.27583144589696E-31,-1.,0.5,               57P     91
-6.98296267768627E-15,-1.,0.,-10.8,-1.,6.98296267768627E-15,          57P     92
6.12323399573677E-17,0.500000000000038;                               57P     93
100,0.,0.5,-5.4,0.9,-5.4,0.5,-5.;                                     59P     94
126,1,1,1,0,1,0,0.,0.,1.,1.,1.,1.,0.966992407,0.,0.,                  61P     95
0.966992407,1.,0.,0.,1.,0.,0.,1.;                                     61P     96
124,-7.04419501764363E-15,-1.,0.,-4.4,-1.,7.04419501764363E-15,       63P     97
6.98296267768627E-15,-4.39999999999996,-6.98296267768627E-15,         63P     98
4.91893509025491E-29,-1.,3.49148133884338E-15;                        63P     99
100,0.,0.5,-4.9,1.4,-4.9,0.5,-4.;                                     65P    100
126,1,1,1,0,1,0,0.,0.,1.,1.,1.,1.,0.966992407,1.,0.,0.5,1.,0.,        67P    101
0.,1.,0.,0.,1.;                                                       67P    102
124,-1.,6.98296267768627E-15,0.,3.42165171206627E-14,                 69P    103
-4.27583144589696E-31,-6.12323399573677E-17,-1.,-4.9,                 69P    104
-6.98296267768627E-15,-1.,6.12323399573677E-17,-4.9;                  69P    105
100,0.,0.,-4.9,0.4,-4.9,0.,-4.5;                                      71P    106
126,1,1,1,0,1,0,0.,0.,1.,1.,1.,1.,0.5,1.,0.,0.033007593,1.,0.,        73P    107
0.,1.,0.,0.,1.;                                                       73P    108
124,1.40271576953299E-14,1.,0.,4.9,-6.12323399573677E-17,             75P    109
8.58915688636046E-31,-1.,-4.9,-1.,1.40271576953299E-14,               75P    110
6.12323399573677E-17,6.87330727071165E-14;                            75P    111
100,0.,0.,-4.9,0.4,-4.9,0.,-4.5;                                      77P    112
126,1,1,1,0,1,0,0.,0.,1.,1.,1.,1.,0.033007593,1.,0.,                  79P    113
0.033007593,0.,0.,0.,1.,0.,0.,1.;                                     79P    114
100,0.,0.5,-4.9,0.4,-4.9,0.5,-5.;                                     81P    115
126,1,1,1,0,1,0,0.,0.,1.,1.,1.,1.,0.033007593,0.,0.,0.5,0.,0.,        83P    116
0.,1.,0.,0.,1.;                                                       83P    117
124,1.73457101911236E-32,-6.12323399573677E-17,-1.,0.5,1.,            85P    118
2.83276944882399E-16,0.,-5.9,2.83276944882399E-16,-1.,                85P    119
6.12323399573677E-17,-5.4;                                            85P    120
100,0.,0.5,-5.4,0.9,-5.4,0.5,-5.;                                     87P    121
102,6,55,61,67,73,79,83;                                              89P    122
102,6,59,65,71,77,81,87;                                              91P    123
142,1,53,89,91,1;                                                     93P    124
144,53,1,0,93;                                                        95P    125
128,3,155,3,3,0,0,0,0,0,0.5,0.5,0.5,0.5,1.,1.,1.,1.,                  97P    126
0.0839568222230531,0.0839568222230531,0.0839568222230531,             97P    127
0.0839568222230531,0.0855591598679059,0.0855591598679059,             97P    128
0.0871614975127587,0.0871614975127587,0.0903661728024643,             97P    129
0.0903661728024643,0.0967755233818755,0.0967755233818755,             97P    130
0.109594224540698,0.109594224540698,0.12241292569952,                 97P    131
0.12241292569952,0.135231626858342,0.135231626858342,                 97P    132
0.147028845641953,0.147028845641953,0.158826064425564,                97P    133
0.158826064425564,0.170623283209174,0.170623283209174,                97P    134
0.182420501992785,0.182420501992785,0.194601801820529,                97P    135
0.194601801820529,0.206783101648272,0.206783101648272,                97P    136
0.218964401476016,0.218964401476016,0.23114570130376,                 97P    137
0.23114570130376,0.243705005184899,0.243705005184899,                 97P    138
0.256264309066038,0.256264309066038,0.268823612947178,                97P    139
0.268823612947178,0.281382916828317,0.281382916828317,                97P    140
0.294315483857679,0.294315483857679,0.307248050887041,                97P    141
0.307248050887041,0.320180617916403,0.320180617916403,                97P    142
0.333113184945766,0.333113184945766,0.344718120990175,                97P    143
0.344718120990175,0.356323057034584,0.356323057034584,                97P    144
0.367927993078992,0.367927993078992,0.379532929123401,                97P    145
0.379532929123401,0.391390915728667,0.391390915728667,                97P    146
0.403248902333932,0.403248902333932,0.415106888939197,                97P    147
0.415106888939197,0.426964875544462,0.426964875544462,                97P    148
0.43905080533104,0.43905080533104,0.451136735117618,                  97P    149
0.451136735117618,0.463222664904197,0.463222664904197,                97P    150
0.475308594690775,0.475308594690775,0.487589958420516,                97P    151
0.487589958420516,0.499871322150257,0.499871322150257,                97P    152
0.512152685879998,0.512152685879998,0.524434049609739,                97P    153
0.524434049609739,0.536876167828323,0.536876167828323,                97P    154
0.549318286046908,0.549318286046908,0.561760404265493,                97P    155
0.561760404265493,0.574202522484078,0.574202522484078,                97P    156
0.586759857259548,0.586759857259548,0.599317192035018,                97P    157
0.599317192035018,0.611874526810488,0.611874526810488,                97P    158
0.624431861585958,0.624431861585958,0.637059978185551,                97P    159
0.637059978185551,0.649688094785144,0.649688094785144,                97P    160
0.662316211384738,0.662316211384738,0.674944327984331,                97P    161
0.674944327984331,0.687590965478829,0.687590965478829,                97P    162
0.700237602973328,0.700237602973328,0.712884240467826,                97P    163
0.712884240467826,0.725530877962325,0.725530877962325,                97P    164
0.738147706009838,0.738147706009838,0.750764534057351,                97P    165
0.750764534057351,0.763381362104865,0.763381362104865,                97P    166
0.775998190152378,0.775998190152378,0.788533953420496,                97P    167
0.788533953420496,0.801069716688614,0.801069716688614,                97P    168
0.813605479956732,0.813605479956732,0.82614124322485,                 97P    169
0.82614124322485,0.838551453398247,0.838551453398247,                 97P    170
0.850961663571644,0.850961663571644,0.863371873745041,                97P    171
0.863371873745041,0.875782083918438,0.875782083918438,                97P    172
0.888023038938797,0.888023038938797,0.900263993959155,                97P    173
0.900263993959155,0.912504948979513,0.912504948979513,                97P    174
0.924745903999871,0.924745903999871,0.936784183500168,                97P    175
0.936784183500168,0.948822463000466,0.948822463000466,                97P    176
0.960860742500763,0.960860742500763,0.97289902200106,                 97P    177
0.97289902200106,0.98644951100053,0.98644951100053,1.,1.,1.,1.,       97P    178
1.,0.333333333333333,0.333333333333333,1.,1.,0.333333333333333,       97P    179
0.333333333333333,1.,1.,0.333333333333333,0.333333333333333,1.,       97P    180
1.,0.333333333333333,0.333333333333333,1.,1.,0.333333333333333,       97P    181
0.333333333333333,1.,1.,0.333333333333333,0.333333333333333,1.,       97P    182
1.,0.333333333333333,0.333333333333333,1.,1.,0.333333333333333,       97P    183
0.333333333333333,1.,1.,0.333333333333333,0.333333333333333,1.,       97P    184
1.,0.333333333333333,0.333333333333333,1.,1.,0.333333333333333,       97P    185
0.333333333333333,1.,1.,0.333333333333333,0.333333333333333,1.,       97P    186
1.,0.333333333333333,0.333333333333333,1.,1.,0.333333333333333,       97P    187
0.333333333333333,1.,1.,0.333333333333333,0.333333333333333,1.,       97P    188
1.,0.333333333333333,0.333333333333333,1.,1.,0.333333333333333,       97P    189
0.333333333333333,1.,1.,0.333333333333333,0.333333333333333,1.,       97P    190
1.,0.333333333333333,0.333333333333333,1.,1.,0.333333333333333,       97P    191
0.333333333333333,1.,1.,0.333333333333333,0.333333333333333,1.,       97P    192
1.,0.333333333333333,0.333333333333333,1.,1.,0.333333333333333,       97P    193
0.333333333333333,1.,1.,0.333333333333333,0.333333333333333,1.,       97P    194
1.,0.333333333333333,0.333333333333333,1.,1.,0.333333333333333,       97P    195
0.333333333333333,1.,1.,0.333333333333333,0.333333333333333,1.,       97P    196
1.,0.333333333333333,0.333333333333333,1.,1.,0.333333333333333,       97P    197
0.333333333333333,1.,1.,0.333333333333333,0.333333333333333,1.,       97P    198
1.,0.333333333333333,0.333333333333333,1.,1.,0.333333333333333,       97P    199
0.333333333333333,1.,1.,0.333333333333333,0.333333333333333,1.,       97P    200
1.,0.333333333333333,0.333333333333333,1.,1.,0.333333333333333,       97P    201
0.333333333333333,1.,1.,0.333333333333333,0.333333333333333,1.,       97P    202
1.,0.333333333333333,0.333333333333333,1.,1.,0.333333333333333,       97P    203
0.333333333333333,1.,1.,0.333333333333333,0.333333333333333,1.,       97P    204
1.,0.333333333333333,0.333333333333333,1.,1.,0.333333333333333,       97P    205
0.333333333333333,1.,1.,0.333333333333333,0.333333333333333,1.,       97P    206
1.,0.333333333333333,0.333333333333333,1.,1.,0.333333333333333,       97P    207
0.333333333333333,1.,1.,0.333333333333333,0.333333333333333,1.,       97P    208
1.,0.333333333333333,0.333333333333333,1.,1.,0.333333333333333,       97P    209
0.333333333333333,1.,1.,0.333333333333333,0.333333333333333,1.,       97P    210
1.,0.333333333333333,0.333333333333333,1.,1.,0.333333333333333,       97P    211
0.333333333333333,1.,1.,0.333333333333333,0.333333333333333,1.,       97P    212
1.,0.333333333333333,0.333333333333333,1.,1.,0.333333333333333,       97P    213
0.333333333333333,1.,1.,0.333333333333333,0.333333333333333,1.,       97P    214
1.,0.333333333333333,0.333333333333333,1.,1.,0.333333333333333,       97P    215
0.333333333333333,1.,1.,0.333333333333333,0.333333333333333,1.,       97P    216
1.,0.333333333333333,0.333333333333333,1.,1.,0.333333333333333,       97P    217
0.333333333333333,1.,1.,0.333333333333333,0.333333333333333,1.,       97P    218
1.,0.333333333333333,0.333333333333333,1.,1.,0.333333333333333,       97P    219
0.333333333333333,1.,1.,0.333333333333333,0.333333333333333,1.,       97P    220
1.,0.333333333333333,0.333333333333333,1.,1.,0.333333333333333,       97P    221
0.333333333333333,1.,1.,0.333333333333333,0.333333333333333,1.,       97P    222
1.,0.333333333333333,0.333333333333333,1.,1.,0.333333333333333,       97P    223
0.333333333333333,1.,1.,0.333333333333333,0.333333333333333,1.,       97P    224
1.,0.333333333333333,0.333333333333333,1.,1.,0.333333333333333,       97P    225
0.333333333333333,1.,1.,0.333333333333333,0.333333333333333,1.,       97P    226
1.,0.333333333333333,0.333333333333333,1.,1.,0.333333333333333,       97P    227
0.333333333333333,1.,1.,0.333333333333333,0.333333333333333,1.,       97P    228
1.,0.333333333333333,0.333333333333333,1.,1.,0.333333333333333,       97P    229
0.333333333333333,1.,1.,0.333333333333333,0.333333333333333,1.,       97P    230
1.,0.333333333333333,0.333333333333333,1.,1.,0.333333333333333,       97P    231
0.333333333333333,1.,1.,0.333333333333333,0.333333333333333,1.,       97P    232
1.,0.333333333333333,0.333333333333333,1.,1.,0.333333333333333,       97P    233
0.333333333333333,1.,1.,0.333333333333333,0.333333333333333,1.,       97P    234
1.,0.333333333333333,0.333333333333333,1.,1.,0.333333333333333,       97P    235
0.333333333333333,1.,1.,0.333333333333333,0.333333333333333,1.,       97P    236
1.,0.333333333333333,0.333333333333333,1.,1.,0.333333333333333,       97P    237
0.333333333333333,1.,1.,0.333333333333333,0.333333333333333,1.,       97P    238
1.,0.333333333333333,0.333333333333333,1.,1.,0.333333333333333,       97P    239
0.333333333333333,1.,1.,0.333333333333333,0.333333333333333,1.,       97P    240
1.,0.333333333333333,0.333333333333333,1.,1.,0.333333333333333,       97P    241
0.333333333333333,1.,1.,0.333333333333333,0.333333333333333,1.,       97P    242
1.,0.333333333333333,0.333333333333333,1.,1.,0.333333333333333,       97P    243
0.333333333333333,1.,1.,0.333333333333333,0.333333333333333,1.,       97P    244
1.,0.333333333333333,0.333333333333333,1.,1.,0.333333333333333,       97P    245
0.333333333333333,1.,1.,0.333333333333333,0.333333333333333,1.,       97P    246
1.,0.333333333333333,0.333333333333333,1.,1.,0.333333333333333,       97P    247
0.333333333333333,1.,1.,0.333333333333333,0.333333333333333,1.,       97P    248
1.,0.333333333333333,0.333333333333333,1.,1.,0.333333333333333,       97P    249
0.333333333333333,1.,1.,0.333333333333333,0.333333333333333,1.,       97P    250
1.,0.333333333333333,0.333333333333333,1.,1.,0.333333333333333,       97P    251
0.333333333333333,1.,1.,0.333333333333333,0.333333333333333,1.,       97P    252
1.,0.333333333333333,0.333333333333333,1.,1.,0.333333333333333,       97P    253
0.333333333333333,1.,1.,0.333333333333333,0.333333333333333,1.,       97P    254
1.,0.333333333333333,0.333333333333333,1.,1.,0.333333333333333,       97P    255
0.333333333333333,1.,1.,0.333333333333333,0.333333333333333,1.,       97P    256
1.,0.333333333333333,0.333333333333333,1.,1.,0.333333333333333,       97P    257
0.333333333333333,1.,1.,0.333333333333333,0.333333333333333,1.,       97P    258
1.,0.333333333333333,0.333333333333333,1.,1.,0.333333333333333,       97P    259
0.333333333333333,1.,1.,0.333333333333333,0.333333333333333,1.,       97P    260
1.,0.333333333333333,0.333333333333333,1.,1.,0.333333333333333,       97P    261
0.333333333333333,1.,1.,0.333333333333333,0.333333333333333,1.,       97P    262
1.,0.333333333333333,0.333333333333333,1.,1.,0.333333333333333,       97P    263
0.333333333333333,1.,1.,0.333333333333333,0.333333333333333,1.,       97P    264
1.,0.333333333333333,0.333333333333333,1.,1.,0.333333333333333,       97P    265
0.333333333333333,1.,1.,0.333333333333333,0.333333333333333,1.,       97P    266
1.,0.333333333333333,0.333333333333333,1.,1.,0.333333333333333,       97P    267
0.333333333333333,1.,1.,0.333333333333333,0.333333333333333,1.,       97P    268
1.,0.333333333333333,0.333333333333333,1.,1.,0.333333333333333,       97P    269
0.333333333333333,1.,1.,0.333333333333333,0.333333333333333,1.,       97P    270
1.,0.333333333333333,0.333333333333333,1.,1.,0.333333333333333,       97P    271
0.333333333333333,1.,1.,0.333333333333333,0.333333333333333,1.,       97P    272
1.,0.333333333333333,0.333333333333333,1.,1.,0.333333333333333,       97P    273
0.333333333333333,1.,1.,0.333333333333333,0.333333333333333,1.,       97P    274
1.,0.333333333333333,0.333333333333333,1.,1.,0.333333333333333,       97P    275
0.333333333333333,1.,1.,0.333333333333333,0.333333333333333,1.,       97P    276
1.,0.333333333333333,0.333333333333333,1.,1.,0.333333333333333,       97P    277
0.333333333333333,1.,1.,0.333333333333333,0.333333333333333,1.,       97P    278
1.,0.333333333333333,0.333333333333333,1.,1.,0.333333333333333,       97P    279
0.333333333333333,1.,1.,0.333333333333333,0.333333333333333,1.,       97P    280
1.,0.333333333333333,0.333333333333333,1.,1.,0.333333333333333,       97P    281
0.333333333333333,1.,1.,0.333333333333333,0.333333333333333,1.,       97P    282
-1.574842987,-0.365735394,1.524977426,-1.033761002,-0.05100276,       97P    283
1.026807119,-1.2074769,0.680468029,1.300254138,-1.748558885,          97P    284
0.365735394,1.798424445,-1.630765523,-0.355360945,1.461699208,        97P    285
-1.075173162,-0.032587486,0.98436919,-1.260906749,0.695022259,        97P    286
1.260509884,-1.81649911,0.372248799,1.737839902,-1.684988805,         97P    287
-0.348888205,1.404557603,-1.107359203,-0.034300274,0.94835329,        97P    288
-1.301268727,0.697232803,1.207973845,-1.878898329,0.382644873,        97P    289
1.664178158,-1.784691401,-0.331999865,1.275157101,-1.174881093,       97P    290
-0.017356744,0.862998157,-1.387531295,0.714152892,1.10757519,         97P    291
-1.997341603,0.399509771,1.519734133,-1.830999538,-0.323542067,       97P    292
1.207605413,-1.206476401,-0.008827081,0.81817038,-1.428032511,        97P    293
0.722651542,1.054802037,-2.052555647,0.407936556,1.444237071,         97P    294
-1.958503036,-0.298150392,0.997695031,-1.293587228,0.016708821,       97P    295
0.67880962,-1.54047851,0.748123962,0.890108206,-2.205394317,          97P    296
0.433264749,1.208993618,-2.028255991,-0.281253189,0.84818354,         97P    297
-1.340929481,0.033309507,0.580394714,-1.602852257,0.764850363,        97P    298
0.772333565,-2.290178767,0.450287666,1.040122391,-2.183824207,        97P    299
-0.230388328,0.381079784,-1.447812719,0.083938811,0.272458197,        97P    300
-1.748262292,0.815585188,0.402103782,-2.484273779,0.501258049,        97P    301
0.510725369,-2.215867845,-0.196442539,0.046350331,-1.472311836,       97P    302
0.118103194,0.050482918,-1.789007333,0.849654073,0.133144427,         97P    303
-2.532563342,0.535108339,0.12901184,-2.091837925,-0.095419784,        97P    304
-0.92313665,-1.397906636,0.219351641,-0.596479543,-1.730367911,       97P    305
0.950806938,-0.656689638,-2.4242992,0.636035513,-0.983346745,         97P    306
-1.705792635,-0.028379765,-1.52059104,-1.147613544,0.285924773,       97P    307
-0.99532144,-1.444487754,1.017581088,-1.155100809,-2.002666845,       97P    308
0.70327655,-1.68037041,-0.609525149,0.105131253,-2.202296396,         97P    309
-0.42236375,0.420189518,-1.459350709,-0.586609881,1.151519531,        97P    310
-1.754586761,-0.77377128,0.836461267,-2.497532449,0.088481572,        97P    311
0.17143548,-2.281657731,0.039848463,0.486176259,-1.517008257,         97P    312
-0.026244752,1.217646597,-1.847954262,0.022388358,0.902905818,        97P    313
-2.612603736,1.302937806,0.303778473,-1.875939064,0.850503212,        97P    314
0.618545313,-1.257602162,0.972828806,1.349997558,-1.572175663,        97P    315
1.4252634,1.035230719,-2.190512565,1.805069729,0.369523405,           97P    316
-1.396032345,1.189082974,0.684955041,-0.940390459,1.400258031,        97P    317
1.416124089,-1.204571977,2.016244786,1.100692453,-1.660213863,        97P    318
2.253500717,0.495225645,-0.263444478,1.494295618,0.809156153,         97P    319
-0.196547802,1.808936838,1.540970901,-0.310853846,2.568141937,        97P    320
1.227040393,-0.377750522,2.2382932,0.555284234,0.361042426,           97P    321
1.489823438,0.870529112,0.223127146,1.824577464,1.601777819,          97P    322
0.197069123,2.573047226,1.286532941,0.334984402,1.768586809,          97P    323
0.674757468,1.418983912,1.188209807,0.988765744,0.925862942,          97P    324
1.490414631,1.72054774,1.069498962,2.070791633,1.406539465,           97P    325
1.562619932,1.316191939,0.734534435,1.844270156,0.88843195,           97P    326
1.049734444,1.215420151,1.142089323,1.781002259,1.434989851,          97P    327
1.569849312,1.46580225,2.063839856,0.245638889,0.852803682,           97P    328
2.252593095,0.184352951,1.166842573,1.494038153,0.296259594,          97P    329
1.898611611,1.809151646,0.357545533,1.58457272,2.567706588,           97P    330
-0.371009727,0.912289463,2.233930014,-0.229743962,1.227521735,        97P    331
1.487024136,-0.205283799,1.958775871,1.821479294,-0.346549564,        97P    332
1.643543598,2.568385172,-1.409410117,1.029561387,1.772775259,         97P    333
-0.919507519,1.343581813,1.190896904,-1.061608799,2.075358577,        97P    334
1.493388491,-1.551511397,1.76133815,2.075266845,-1.831063985,         97P    335
1.088575425,1.330372056,-1.206775351,1.403920042,0.897267096,         97P    336
-1.423948292,2.135126523,1.152759694,-2.048236927,1.819781907,        97P    337
1.585864655,-2.252871258,1.206813201,0.2650418,-1.493867149,          97P    338
1.520745929,0.197596927,-1.808362992,2.252559721,0.312114472,         97P    339
-2.567367102,1.938626993,0.379559345,-2.237985347,1.267153801,        97P    340
-0.362020135,-1.489630717,1.58239559,-0.223768562,-1.824370492,       97P    341
2.313645614,-0.19786554,-2.572725123,1.998403825,-0.336117113,        97P    342
-1.768545636,1.386506071,-1.418792111,-1.188178404,1.700516524,       97P    343
-0.925743575,-1.490373292,2.432297597,-1.069350656,                   97P    344
-2.070740524,2.118287144,-1.562399192,-1.317423057,1.446163967,       97P    345
-1.843824646,-0.889243135,1.761364918,-1.215115052,                   97P    346
-1.143063657,2.492632324,-1.43457836,-1.571243579,2.177431373,        97P    347
-2.063287954,-0.244250128,1.564720977,-2.253098728,                   97P    348
-0.183438087,1.878758756,-1.494384277,-0.295160707,2.610528277,       97P    349
-1.809618231,-0.355972749,2.296490498,-2.568332682,0.369060757,       97P    350
1.623840517,-2.234648774,0.228458691,1.939077335,-1.487479915,        97P    351
0.203688028,2.670329529,-1.821976667,0.344290093,2.35509271,          97P    352
-2.569145526,1.410432411,1.741435096,-1.772467906,0.920177247,        97P    353
2.05545206,-1.190705303,1.062440388,2.787230298,-1.493183804,         97P    354
1.552695552,2.473213334,-2.074946407,1.830790256,1.800264683,         97P    355
-1.331050031,1.206589149,2.115610198,-0.89771233,1.423699383,         97P    356
2.846816294,-1.153294462,2.04790049,2.531470779,-1.586632163,         97P    357
2.252836921,1.91856696,-0.265142305,1.49384367,2.232499821,           97P    358
-0.197662971,1.808331126,2.964313555,-0.312194004,2.567324377,        97P    359
2.650380694,-0.379673338,2.237678443,1.978924896,0.361944048,         97P    360
1.489420253,2.294172047,0.223739716,1.824119665,3.025419801,          97P    361
0.197829404,2.572377855,2.71017265,0.336033736,1.769794727,           97P    362
2.098024698,1.416745667,1.188993869,2.412032273,0.924362545,          97P    363
1.491294401,3.143814544,1.067636465,2.072095259,2.82980697,           97P    364
1.560019587,1.317202765,2.157940122,1.843537273,0.88907497,           97P    365
2.473146928,1.214936083,1.142864199,3.204411854,1.434365295,          97P    366
1.570991994,2.889205049,2.062966485,0.246906838,2.276205045,          97P    367
2.252456085,0.185208584,2.590239624,1.493928686,0.297285096,          97P    368
3.322010479,1.808979187,0.35898335,3.0079759,2.567506586,             97P    369
-0.369195547,2.335630602,2.234357842,-0.228562958,2.650870844,        97P    370
1.487284016,-0.20381724,3.38212159,1.821747658,-0.344449829,          97P    371
3.066881348,2.568821484,-1.408836004,2.453009387,1.773407207,         97P    372
-0.91910214,2.767024645,1.191317518,-1.0611059,3.49880359,            97P    373
1.493874027,-1.550839764,3.184788332,2.075963717,-1.830703678,        97P    374
2.512003512,1.331285461,-1.206530089,2.827349337,0.897867002,         97P    375
-1.423619782,3.558555298,1.153480515,-2.047793372,3.243209473,        97P    376
1.586898975,-2.252653552,2.630281923,0.265588142,-1.493719003,        97P    377
2.944215377,0.19795573,-1.808164733,3.676028857,0.312545528,          97P    378
-2.567099283,3.362095403,0.38017794,-2.238199432,2.690487066,         97P    379
-0.360021138,-1.489741721,3.005741628,-0.222483666,                   97P    380
-1.824458596,3.736986228,-0.196269696,-2.572916306,3.421731666,       97P    381
-0.333807167,-1.770189462,2.809758706,-1.416602699,                   97P    382
-1.189260358,3.123761308,-0.924246434,-1.491606801,3.855545682,       97P    383
-1.067492666,-2.072535905,3.54154308,-1.559848932,-1.319708486,       97P    384
2.869411339,-1.84210196,-0.890692792,3.184628756,-1.213978881,        97P    385
-1.144811101,3.915889164,-1.433115029,-1.573826795,3.600671747,       97P    386
-2.061238108,-0.247527328,2.987917754,-2.252695601,                   97P    387
-0.185646587,3.301945168,-1.494070097,-0.297807938,4.033719053,       97P    388
-1.809134162,-0.359688679,3.719691639,-2.567759666,0.366534131,       97P    389
3.04711096,-2.235170446,0.226818694,3.362360044,-1.487791315,         97P    390
0.201651373,4.093607024,-1.822290599,0.34136681,3.77835794,           97P    391
-2.569669729,1.409180251,3.16479686,-1.773621163,0.91930737,          97P    392
3.47880602,-1.191469318,1.061361091,4.210587548,-1.494061199,         97P    393
1.551233972,3.896578389,-2.076213044,1.830216762,3.223632764,         97P    394
-1.332504442,1.206198768,3.538980206,-0.898667553,1.423176479,        97P    395
4.270185472,-1.154442228,2.047194474,3.954838031,-1.588279117,        97P    396
2.22557098,3.334454078,-0.333998907,1.475285896,3.648478196,          97P    397
-0.242885461,1.783482568,4.380252677,-0.366528186,2.533767652,        97P    398
4.066228559,-0.457641631,2.240077724,3.38691465,0.202545664,          97P    399
1.490367396,3.70162099,0.11589056,1.819235365,4.433105482,            97P    400
0.067659992,2.568945693,4.118399142,0.154315096,1.926417059,          97P    401
3.491250892,1.161951459,1.289930859,3.80605041,0.756487108,           97P    402
1.606930118,4.537489436,0.856778238,2.243416318,4.222689918,          97P    403
1.262242589,1.5980218,3.543276891,1.58238643,1.076275115,             97P    404
3.857624003,1.037447915,1.359907732,4.589261332,1.20977515,           97P    405
1.881654417,4.27491422,1.754713665,0.7498741,3.647141875,             97P    406
2.120065794,0.515260299,3.96211732,1.403310235,0.696667531,           97P    407
4.693483811,1.681935057,0.931281332,4.378508367,2.398690615,          97P    408
0.232944763,3.698840212,2.2364557,0.174447516,4.013287619,            97P    409
1.484379923,0.284732516,4.744878361,1.797474964,0.343229762,          97P    410
4.430430954,2.549550741,-0.758036887,3.802034109,2.116324799,         97P    411
-0.485920815,4.116689729,1.412860683,-0.521830776,4.848196048,        97P    412
1.743050449,-0.793946848,4.533540428,2.446514565,-1.229352397,        97P    413
3.853600379,1.881549317,-0.802815473,4.168862162,1.259302276,         97P    414
-0.914124517,4.900104273,1.572999176,-1.340661441,4.584842491,        97P    415
2.195246217,-1.927935383,3.957188024,1.16068025,-1.26976536,          97P    416
4.271212861,0.789235836,-1.507112445,5.002987033,1.021455477,         97P    417
-2.165282468,4.688962197,1.392899891,-2.146594532,4.00950502,         97P    418
0.672048915,-1.420933179,4.324207823,0.46456565,-1.70617323,          97P    419
5.055693844,0.635232945,-2.431834583,4.74099104,0.84271621,           97P    420
-2.224695103,4.113953222,-0.335380756,-1.481401477,4.428756003,       97P    421
-0.204669817,-1.812657586,5.160193634,-0.175870638,                   97P    422
-2.555951211,4.845390853,-0.306581577,-2.082915868,4.165820126,       97P    423
-0.848124485,-1.391999576,4.480165338,-0.545078458,                   97P    424
-1.720049082,5.21180345,-0.595388284,-2.410965374,4.897458238,        97P    425
-0.898434311,-1.50566702,4.269729478,-1.670376293,-1.014089857,       97P    426
4.584704054,-1.098398987,-1.288489497,5.316070956,-1.286146623,       97P    427
-1.78006666,5.00109638,-1.858123928,-1.072649762,4.321454084,         97P    428
-1.976240246,-0.730249822,4.635904546,-1.304067697,                   97P    429
-0.952160106,5.367493957,-1.550952276,-1.294560047,5.053043495,       97P    430
-2.223124825,-0.111134643,4.424668298,-2.245263168,                   97P    431
-0.092813483,4.739320188,-1.491213252,-0.186214821,5.470828112,       97P    432
-1.8099476,-0.204535981,5.156176222,-2.563997516,0.415707867,         97P    433
4.476391442,-2.208787761,0.259772178,4.791653264,-1.470674189,        97P    434
0.242557313,5.522895359,-1.80308899,0.398493002,5.207633537,          97P    435
-2.541202562,1.335858537,4.579852932,-1.810616651,0.870320723,        97P    436
4.893879308,-1.215396961,1.000550142,5.625652818,-1.520802737,        97P    437
1.466087956,5.311626441,-2.116022427,1.725814784,4.632300928,         97P    438
-1.442235198,1.134854454,4.947001373,-0.972894242,1.333046557,        97P    439
5.678488406,-1.239698277,1.924006887,5.36378796,-1.709039234,         97P    440
2.182974378,4.736536023,-0.543432668,1.446469198,5.051340957,         97P    441
-0.379087346,1.741318522,5.782777676,-0.53271672,2.477823702,         97P    442
5.467972741,-0.697062041,2.248971866,4.788450553,-0.015143711,        97P    443
1.49464895,5.102794565,-0.030183958,1.816929947,5.834433171,          97P    444
-0.109473977,2.571252862,5.520089159,-0.09443373,2.030819394,         97P    445
4.89240915,0.966018936,1.357586659,5.20738324,0.626033003,            97P    446
1.682988514,5.938750374,0.694317299,2.35622125,5.623776284,           97P    447
1.034303232,1.749018673,4.943996895,1.413603946,1.174847463,          97P    448
5.258449381,0.924194885,1.474539332,5.990037903,1.067057107,          97P    449
2.048710541,5.675585416,1.556466168,0.962041723,5.047465706,          97P    450
2.032060047,0.656514327,5.362115094,1.342333325,0.864804561,          97P    451
6.0936241,1.601092575,1.170331957,5.778974712,2.290819297,            97P    452
0.462302855,5.099071999,2.199754157,0.323530821,5.414335174,          97P    453
1.458137759,0.466805734,6.145576687,1.758626392,0.605577768,          97P    454
5.830313511,2.50024279,-0.540882106,5.202606048,2.184010287,          97P    455
-0.338696976,5.516632916,1.455939531,-0.342081411,6.248406214,        97P    456
1.787922059,-0.544266541,5.934379346,2.515992815,-1.041030726,        97P    457
5.254931972,1.99356307,-0.675144835,5.569627592,1.333570878,          97P    458
-0.755915083,6.301116703,1.65594788,-1.121800974,5.986421083,         97P    459
2.315940071,-1.807274284,5.35907673,1.339401152,-1.190247186,         97P    460
5.673886053,0.905041672,-1.403564957,6.405320902,1.160042992,         97P    461
-2.020592055,6.090511579,1.594402472,-2.07104747,5.411031585,         97P    462
0.876561936,-1.368683416,5.72537396,0.601141818,-1.635888314,         97P    463
6.457013229,0.797969436,-2.338252368,6.142670854,1.073389554,         97P    464
-2.245951198,5.51488194,-0.112162401,-1.493818282,5.829854427,        97P    465
-0.056745397,-1.820477065,6.561222295,0.005147002,-2.572609981,       97P    466
6.246249808,-0.050270003,-2.157214687,5.566634321,-0.635142886,       97P    467
-1.439317844,5.881090486,-0.403238096,-1.770873209,6.612677409,       97P    468
-0.420301091,-2.488770052,6.298221243,-0.652205881,                   97P    469
-1.667921263,5.67002711,-1.507473031,-1.121201702,5.984672093,        97P    470
-0.987728238,-1.412805167,6.716182991,-1.146784067,                   97P    471
-1.959524728,6.401538008,-1.66652886,-1.26933623,5.721820203,         97P    472
-1.855230748,-0.857180988,6.037083928,-1.223223804,                   97P    473
-1.104596728,6.768325204,-1.445972684,-1.51675197,6.453061479,        97P    474
-2.077979628,-0.337080162,5.825288462,-2.224348145,-0.2449091,        97P    475
6.139316663,-1.474453662,-0.368959468,6.871089388,-1.782368433,       97P    476
-0.46113053,6.557061186,-2.532262916,0.196955562,5.87752989,          97P    477
-2.240389589,0.112118482,6.192221167,-1.490540932,0.063094405,        97P    478
6.923712151,-1.819244208,0.147931485,6.609020875,-2.569092865,        97P    479
1.15564109,5.981694983,-1.929977132,0.752312734,6.296508229,          97P    480
-1.292231265,0.851555998,7.027941405,-1.60953955,1.254884354,         97P    481
6.713128159,-2.247285417,1.575708989,6.033489743,-1.604814272,        97P    482
1.032933943,6.347829802,-1.080751272,1.204071942,7.079470025,         97P    483
-1.365117769,1.746846988,6.765129966,-1.889180769,2.117373529,        97P    484
6.137477608,-0.757797267,1.401449125,6.452449166,-0.52051765,         97P    485
1.679413073,7.183817477,-0.702963184,2.395337477,6.868845918,         97P    486
-0.940242801,2.235962063,6.189124367,-0.241714177,1.483974098,        97P    487
6.503584212,-0.180225171,1.796706689,7.235169527,-0.291771811,        97P    488
2.548694654,6.920709683,-0.353260817,2.118413352,6.292715329,         97P    489
0.75347869,1.414214543,6.607355901,0.482818118,1.744534044,           97P    490
7.3388687,0.518023987,2.448732853,7.024228129,0.788684558,            97P    491
1.883337566,6.344519582,1.227615256,1.260468326,6.659784438,          97P    492
0.801654364,1.574367206,7.391025227,0.912650138,2.197236446,          97P    493
7.075760371,1.338611031,1.163348405,6.447981388,1.925353931,          97P    494
0.790975732,6.762010798,1.268039816,1.023497085,7.493783003,          97P    495
1.504921011,1.395869757,7.179753593,2.162235126,0.676429945,          97P    496
6.500212247,2.144651269,0.467521385,6.814898562,1.419595493,          97P    497
0.638723479,7.546391679,1.704396949,0.847632039,7.231705364,          97P    498
2.429452725,-0.325896614,6.604161219,2.225541444,-0.198414291,        97P    499
6.91897889,1.48189218,-0.168198522,7.650410186,1.812950292,           97P    500
-0.295680844,7.335592514,2.556599556,-0.839336125,6.656040046,        97P    501
2.086484778,-0.539183717,6.970378405,1.394306284,-0.588116281,        97P    502
7.702019314,1.722556683,-0.888268689,7.387680955,2.414735177,         97P    503
-1.663963917,6.759944377,1.512721973,-1.094064992,7.074914165,        97P    504
1.018737775,-1.280650795,7.806283284,1.293921514,-1.85054972,         97P    505
7.491313495,1.787905712,-1.972280101,6.811716739,1.08073701,          97P    506
-1.301383014,7.126180607,0.735543546,-1.5474228,7.857764173,          97P    507
0.958502342,-2.218319887,7.543300305,1.303695805,-2.245377005,        97P    508
6.915291415,0.116709163,-1.49122324,7.229927248,0.096575877,          97P    509
-1.809778116,7.961442083,0.190754176,-2.563931881,7.64680625,         97P    510
0.210887462,-2.210125234,6.967220625,-0.412619616,-1.471531698,       97P    511
7.282486592,-0.257723015,-1.804037309,8.013726904,-0.240013255,       97P    512
-2.542630845,7.698460937,-0.394909856,-1.811950679,7.070682521,       97P    513
-1.332773088,-1.216252217,7.384713041,-0.868273445,                   97P    514
-1.521748397,8.116484769,-0.99800849,-2.11744686,7.802454249,         97P    515
-1.462508133,-1.447411295,7.122776514,-1.721091,-0.97635555,          97P    516
7.437457686,-1.131634236,-1.243706786,8.16895302,-1.328972581,        97P    517
-1.71476253,7.854271848,-1.918429344,-0.552677618,7.226739349,        97P    518
-2.180329754,-0.385154182,7.54156158,-1.444666864,-0.540050539,       97P    519
8.272990932,-1.73881436,-0.707573974,7.958168702,-2.474477251,        97P    520
-0.026381939,7.278493074,-2.248911046,-0.037681666,7.592829215,       97P    521
-1.494512576,-0.118571332,8.32447103,-1.816391725,-0.107271606,       97P    522
8.010134889,-2.570790194,0.956045709,7.382473338,-2.035541686,        97P    523
0.619344539,7.697441659,-1.360649678,0.686040062,8.428811458,         97P    524
-1.686378084,1.022741232,8.113843136,-2.361270092,1.406118826,        97P    525
7.434169808,-1.755505521,0.919203637,7.748637966,-1.179051019,        97P    526
1.060759642,8.480219661,-1.479443118,1.547674831,8.165751503,         97P    527
-2.05589762,2.029483851,7.53796645,-0.968309012,1.340523222,          97P    528
7.852597251,-0.660710033,1.598704775,8.584114254,-0.869780481,        97P    529
2.287665404,8.269483453,-1.17737946,2.199808316,7.589894086,          97P    530
-0.465736618,1.458145461,7.905161494,-0.325797535,1.758526335,        97P    531
8.636401186,-0.469574453,2.50018919,8.321133778,-0.609513536,         97P    532
2.184070867,7.693382358,0.537004777,1.455947848,8.007414004,          97P    533
0.336137453,1.787808612,8.739185247,0.338955057,2.515931631,          97P    534
8.425153601,0.539822381,1.996379059,7.745422535,1.034744582,          97P    535
1.335432865,8.060098261,0.670883673,1.657967049,8.791595937,          97P    536
0.750670241,2.318913244,8.476920211,1.114531149,1.347521863,          97P    537
7.849193988,1.800700047,0.910344407,8.164020979,1.185862444,          97P    538
1.166312754,8.89544831,1.397940991,1.60349021,8.580621319,            97P    539
2.012778595,0.887333974,7.901028219,2.0664935,0.608289005,            97P    540
8.215362729,1.365553441,0.806493183,8.947005195,1.631732512,          97P    541
1.085538151,8.632670685,2.332672572,-0.100609402,8.004892268,         97P    542
2.246496755,-0.049038167,8.319858365,1.494083297,0.014522361,         97P    543
9.051229171,1.820417013,-0.037048874,8.736263075,2.572830471,         97P    544
-0.625074824,8.056733793,2.160599312,-0.396573979,8.371206653,        97P    545
1.441454227,-0.412055948,9.102786304,1.773171686,-0.640556793,        97P    546
8.788313445,2.492316772,-1.502635866,8.160515902,1.672858895,         97P    547
-0.984406731,8.47514128,1.124474989,-1.142618375,9.206660612,         97P    548
1.416593962,-1.660847511,8.892035234,1.964977867,-1.853902609,        97P    549
8.212624513,1.27268923,-1.222319854,8.527892682,0.85938311,           97P    550
-1.444762342,9.259132047,1.107242535,-2.076345097,8.943863878,        97P    551
1.520548654,-2.222840921,8.316042305,0.340888253,-1.473427798,        97P    552
8.630075552,0.247410122,-1.780994762,9.361846106,0.371964432,         97P    553
-2.530407885,9.047812859,0.465442564,-2.240491068,8.368029378,        97P    554
-0.190132982,-1.490568521,8.68270024,-0.107509691,-1.819028633,       97P    555
9.41420001,-0.057529671,-2.56895118,9.099529148,-0.140152963,         97P    556
-1.935219874,8.471743988,-1.145846168,-1.29561724,8.786575195,        97P    557
-0.745823715,-1.613360607,9.518000733,-0.843454624,                   97P    558
-2.252963242,9.203169526,-1.243477077,-1.613041284,8.523478833,       97P    559
-1.567277197,-1.086166606,8.837811289,-1.027239488,                   97P    560
-1.371411797,9.569454591,-1.196887666,-1.898286475,9.255122134,       97P    561
-1.736925375,-0.769085331,8.62744156,-2.11325314,-0.528009389,        97P    562
8.942406132,-1.398604796,-0.711921916,9.673777642,-1.675587001,       97P    563
-0.952997858,9.358813069,-2.390235345,-0.252643651,8.679189699,       97P    564
-2.235226282,-0.187418341,8.993666817,-1.483388214,                   97P    565
-0.300536036,9.725244612,-1.795653083,-0.365761347,9.410767494,       97P    566
-2.54749115,0.747156343,8.783207629,-2.121152182,0.478518837,         97P    567
9.097828122,-1.415986585,0.512752483,9.829349557,-1.746464238,        97P    568
0.781389988,9.514729065,-2.451629834,1.224641391,8.835255079,         97P    569
-1.88640632,0.799666558,9.1505252,-1.262469409,0.910125789,           97P    570
9.881763725,-1.576715139,1.335100621,9.566493604,-2.20065205,         97P    571
1.922861776,8.938788322,-1.16591998,1.266374001,9.252822145,          97P    572
-0.792652611,1.502805564,9.984592452,-1.025464618,2.15929334,         97P    573
9.670558629,-1.398731987,2.14199711,8.990627832,-0.683572499,         97P    574
1.417758937,9.305293122,-0.472322951,1.701922393,10.036795288,        97P    575
-0.644424398,2.426160566,9.722129997,-0.855673945,2.226707241,        97P    576
9.094233225,0.315056,1.482586192,9.409069204,0.19126701,              97P    577
1.813446889,10.140492715,0.159422981,2.557567938,9.825656736,         97P    578
0.28321197,2.09092924,9.146001049,0.828120078,1.397174111,            97P    579
9.460331989,0.531665668,1.725667055,10.191975891,0.578843136,         97P    580
2.419422184,9.87764495,0.875297546,1.521913624,9.249857232,           97P    581
1.655467874,1.024794787,9.564819367,1.0883197,1.300993186,            97P    582
10.296191977,1.273372874,1.798112023,9.981229841,1.840521048,         97P    583
1.090843025,9.301748423,1.967251099,0.742153149,9.616230479,          97P    584
1.29797701,0.96642194,10.34780613,1.54294963,1.315111815,             97P    585
10.033324073,2.212223719,0.123889664,9.405754375,2.245470601,         97P    586
0.101422393,9.720369288,1.491200038,0.196599218,10.451893119,         97P    587
1.809516336,0.219066489,10.137278206,2.563786899,-0.409256966,        97P    588
9.458019027,2.211579675,-0.2554918,9.77328951,1.472464163,            97P    589
-0.237243233,10.504527879,1.805068382,-0.391008399,                   97P    590
10.189257397,2.544183894,-1.328921045,9.561425842,1.813618218,        97P    591
-0.865717487,9.875461533,1.21732133,-0.994835262,10.607231036,        97P    592
1.522930676,-1.45803882,10.293195345,2.119227564,-1.716394965,        97P    593
9.613286394,1.452219742,-1.12843381,9.927947628,0.979574554,          97P    594
-1.324935445,10.659451537,1.24742001,-1.9128966,10.344790304,         97P    595
1.720065197,-2.177098408,9.716794595,0.563239727,-1.442463727,        97P    596
10.031634011,0.392092101,-1.735779437,10.763056063,0.548424201,       97P    597
-2.470414118,10.448216648,0.719571826,-2.248747289,9.768486139,       97P    598
0.038120179,-1.494302542,10.082815381,0.045507265,-1.815748962,       97P    599
10.814459971,0.12806615,-2.570193709,10.500130729,0.120679064,        97P    600
-2.040534709,9.872451182,-0.945265334,-1.363887052,                   97P    601
10.187411922,-0.612110718,-1.689951192,10.918785172,                  97P    602
-0.677094742,-2.366598849,10.603824432,-1.010249357,                  97P    603
-1.76263744,9.92424356,-1.397910553,-1.183671553,10.238729518,        97P    604
-0.913731949,-1.48483513,10.970303469,-1.053854357,                   97P    605
-2.063801017,10.655817512,-1.53803296,-0.974706898,                   97P    606
10.028458896,-2.026934622,-0.664997115,10.343069427,                  97P    607
-1.338725422,-0.874864706,11.074595144,-1.596329686,                  97P    608
-1.18457449,10.759984612,-2.284538885,-0.469773226,                   97P    609
10.080653958,-2.199871432,-0.328462202,10.39592634,                   97P    610
-1.458154152,-0.472829238,11.127163892,-1.758408266,                  97P    611
-0.614140262,10.81189151,-2.500125547,0.533418668,10.184188722,       97P    612
-2.184127382,0.333770171,10.498224788,-1.455955862,0.336063501,       97P    613
11.22999413,-1.787704078,0.535711997,10.915958064,-2.515875598,       97P    614
1.028418949,10.235909213,-1.999196156,0.666597322,10.550565503,       97P    615
-1.337293784,0.745394345,11.282071538,-1.659984785,1.107215972,       97P    616
10.967415248,-2.321887157,1.794077692,10.339308872,                   97P    617
-1.355630593,1.181442841,10.654152434,-0.915641633,1.392276353,       97P    618
11.385572727,-1.172571813,2.004911204,11.070729164,                   97P    619
-1.612560774,2.061919411,10.391033816,-0.898002439,1.362412118,       97P    620
10.705361842,-0.615362167,1.627566575,11.437006908,                   97P    621
-0.814929695,2.327073867,11.122678883,-1.097569967,2.246981134,       97P    622
10.494912337,0.089151431,1.494307155,10.809870775,0.041390064,        97P    623
1.820309925,11.54124506,-0.02382064,2.572983904,11.226286622,         97P    624
0.023940727,2.163793724,10.546870562,0.615321249,1.443465893,         97P    625
10.861361007,0.39012368,1.775330023,11.592933014,0.404075194,         97P    626
2.495657855,11.27844257,0.629272763,1.677784699,10.650998301,         97P    627
1.497713097,1.127739537,10.96560386,0.981027471,1.420369237,          97P    628
11.697131708,1.138383483,1.970414399,11.382526149,1.65506911,         97P    629
1.276276942,10.70340283,1.852483,0.861739402,11.018675758,            97P    630
1.221353615,1.110073619,11.749913075,1.443468487,1.524611158,         97P    631
11.434640148,2.074597872,0.343983563,10.806875202,2.221614459,        97P    632
0.249442993,11.120912554,1.472593062,0.37440688,11.852681343,         97P    633
1.779877123,0.46894745,11.538643991,2.528898519,-0.183305196,         97P    634
10.858522608,2.240760257,-0.102903835,11.173175243,1.490705109,       97P    635
-0.051958511,11.904682852,1.818948571,-0.132359873,                   97P    636
11.590030216,2.569003719,-1.137506319,10.961958625,1.939765278,       97P    637
-0.740298499,11.276805313,1.298554789,-0.836553482,                   97P    638
12.008224275,1.616680326,-1.233761302,11.693377587,2.257890815,       97P    639
-1.559309198,11.013531771,1.620818647,-1.021861006,                   97P    640
11.327858004,1.091282108,-1.190100517,12.059503811,1.377360062,       97P    641
-1.727548709,11.745177579,1.9068966,-2.109538122,11.11752535,         97P    642
0.779271133,-1.396037666,11.432483223,0.534773439,-1.672135583,       97P    643
12.163857783,0.720008177,-2.385636039,11.84889991,0.964505871,        97P    644
-2.234433664,11.169393745,0.262209776,-1.482774955,                   97P    645
11.483882026,0.193702853,-1.79460406,12.215454998,0.308194936,        97P    646
-2.546262768,11.900966717,0.37670186,-2.123744489,11.273689144,       97P    647
-0.740693122,-1.417661064,11.588297427,-0.47413221,                   97P    648
-1.748279073,12.319824134,-0.507377525,-2.454362499,                  97P    649
12.005215851,-0.773938438,-1.88846233,11.326129038,                   97P    650
-1.222658452,-1.263816816,11.641355442,-0.798318669,                  97P    651
-1.578252728,12.372612577,-0.90839482,-2.202898242,                   97P    652
12.057386173,-1.332734604,-1.115893882,11.437154335,                  97P    653
-1.97136111,-0.759974423,11.751117895,-1.298851016,                   97P    654
-0.987161357,12.482919198,-1.54401425,-1.343080816,                   97P    655
12.168955639,-2.216524345,-0.542577353,11.496662552,                  97P    656
-2.199549822,-0.376777196,11.811913207,-1.457326199,                  97P    657
-0.531610185,12.543159524,-1.754993323,-0.697410343,                  97P    658
12.227908869,-2.497216946,0.603229087,11.6148922,-2.184569232,        97P    659
0.380617332,11.928826131,-1.456793128,0.392744148,12.660642192,       97P    660
-1.790856503,0.615355903,12.346708262,-2.518632607,1.173165273,       97P    661
11.674651128,-1.939628533,0.767105375,11.990121482,                   97P    662
-1.295278807,0.867369954,12.721272536,-1.616230309,1.273429851,       97P    663
12.405802182,-2.260580035,1.57490384,11.73422922,-1.525033455,        97P    664
1.033782796,12.048797321,-1.026801656,1.207376988,12.780338882,       97P    665
-1.300136617,1.748498032,12.46577078,-1.798368417,0.5,1.,             97P    666
0.0839568222230531,1.;                                                97P    667
126,1,1,1,0,1,0,0.,0.,1.,1.,1.,1.,1.,0.083956822,0.,1.,1.,0.,         99P    668
0.,1.,0.,0.,1.;                                                       99P    669
126,155,3,1,0,0,0,0.0839568222230531,0.0839568222230531,             101P    670
0.0839568222230531,0.0839568222230531,0.0855591598679059,            101P    671
0.0855591598679059,0.0871614975127587,0.0871614975127587,            101P    672
0.0903661728024643,0.0903661728024643,0.0967755233818755,            101P    673
0.0967755233818755,0.109594224540698,0.109594224540698,              101P    674
0.12241292569952,0.12241292569952,0.135231626858342,                 101P    675
0.135231626858342,0.147028845641953,0.147028845641953,               101P    676
0.158826064425564,0.158826064425564,0.170623283209174,               101P    677
0.170623283209174,0.182420501992785,0.182420501992785,               101P    678
0.194601801820529,0.194601801820529,0.206783101648272,               101P    679
0.206783101648272,0.218964401476016,0.218964401476016,               101P    680
0.23114570130376,0.23114570130376,0.243705005184899,                 101P    681
0.243705005184899,0.256264309066038,0.256264309066038,               101P    682
0.268823612947178,0.268823612947178,0.281382916828317,               101P    683
0.281382916828317,0.294315483857679,0.294315483857679,               101P    684
0.307248050887041,0.307248050887041,0.320180617916403,               101P    685
0.320180617916403,0.333113184945766,0.333113184945766,               101P    686
0.344718120990175,0.344718120990175,0.356323057034584,               101P    687
0.356323057034584,0.367927993078992,0.367927993078992,               101P    688
0.379532929123401,0.379532929123401,0.391390915728667,               101P    689
0.391390915728667,0.403248902333932,0.403248902333932,               101P    690
0.415106888939197,0.415106888939197,0.426964875544462,               101P    691
0.426964875544462,0.43905080533104,0.43905080533104,                 101P    692
0.451136735117618,0.451136735117618,0.463222664904197,               101P    693
0.463222664904197,0.475308594690775,0.475308594690775,               101P    694
0.487589958420516,0.487589958420516,0.499871322150257,               101P    695
0.499871322150257,0.512152685879998,0.512152685879998,               101P    696
0.524434049609739,0.524434049609739,0.536876167828323,               101P    697
0.536876167828323,0.549318286046908,0.549318286046908,               101P    698
0.561760404265493,0.561760404265493,0.574202522484078,               101P    699
0.574202522484078,0.586759857259548,0.586759857259548,               101P    700
0.599317192035018,0.599317192035018,0.611874526810488,               101P    701
0.611874526810488,0.624431861585958,0.624431861585958,               101P    702
0.637059978185551,0.637059978185551,0.649688094785144,               101P    703
0.649688094785144,0.662316211384738,0.662316211384738,               101P    704
0.674944327984331,0.674944327984331,0.687590965478829,               101P    705
0.687590965478829,0.700237602973328,0.700237602973328,               101P    706
0.712884240467826,0.712884240467826,0.725530877962325,               101P    707
0.725530877962325,0.738147706009838,0.738147706009838,               101P    708
0.750764534057351,0.750764534057351,0.763381362104865,               101P    709
0.763381362104865,0.775998190152378,0.775998190152378,               101P    710
0.788533953420496,0.788533953420496,0.801069716688614,               101P    711
0.801069716688614,0.813605479956732,0.813605479956732,               101P    712
0.82614124322485,0.82614124322485,0.838551453398247,                 101P    713
0.838551453398247,0.850961663571644,0.850961663571644,               101P    714
0.863371873745041,0.863371873745041,0.875782083918438,               101P    715
0.875782083918438,0.888023038938797,0.888023038938797,               101P    716
0.900263993959155,0.900263993959155,0.912504948979513,               101P    717
0.912504948979513,0.924745903999871,0.924745903999871,               101P    718
0.936784183500168,0.936784183500168,0.948822463000466,               101P    719
0.948822463000466,0.960860742500763,0.960860742500763,               101P    720
0.97289902200106,0.97289902200106,0.98644951100053,                  101P    721
0.98644951100053,1.,1.,1.,1.,1.,1.,1.,1.,1.,1.,1.,1.,1.,1.,1.,       101P    722
1.,1.,1.,1.,1.,1.,1.,1.,1.,1.,1.,1.,1.,1.,1.,1.,1.,1.,1.,1.,1.,      101P    723
1.,1.,1.,1.,1.,1.,1.,1.,1.,1.,1.,1.,1.,1.,1.,1.,1.,1.,1.,1.,1.,      101P    724
1.,1.,1.,1.,1.,1.,1.,1.,1.,1.,1.,1.,1.,1.,1.,1.,1.,1.,1.,1.,1.,      101P    725
1.,1.,1.,1.,1.,1.,1.,1.,1.,1.,1.,1.,1.,1.,1.,1.,1.,1.,1.,1.,1.,      101P    726
1.,1.,1.,1.,1.,1.,1.,1.,1.,1.,1.,1.,1.,1.,1.,1.,1.,1.,1.,1.,1.,      101P    727
1.,1.,1.,1.,1.,1.,1.,1.,1.,1.,1.,1.,1.,1.,1.,1.,1.,1.,1.,1.,1.,      101P    728
1.,1.,1.,1.,1.,1.,1.,1.,1.,1.,1.,1.,1.,1.,1.,1.,1.,1.,1.,            101P    729
-1.748558885,0.365735394,1.798424445,-1.81649911,0.372248799,        101P    730
1.737839902,-1.878898329,0.382644873,1.664178158,-1.997341603,       101P    731
0.399509771,1.519734133,-2.052555647,0.407936556,1.444237071,        101P    732
-2.205394317,0.433264749,1.208993618,-2.290178767,0.450287666,       101P    733
1.040122391,-2.484273779,0.501258049,0.510725369,-2.532563342,       101P    734
0.535108339,0.12901184,-2.4242992,0.636035513,-0.983346745,          101P    735
-2.002666845,0.70327655,-1.68037041,-0.77377128,0.836461267,         101P    736
-2.497532449,0.022388358,0.902905818,-2.612603736,1.4252634,         101P    737
1.035230719,-2.190512565,2.016244786,1.100692453,-1.660213863,       101P    738
2.568141937,1.227040393,-0.377750522,2.573047226,1.286532941,        101P    739
0.334984402,2.070791633,1.406539465,1.562619932,1.569849312,         101P    740
1.46580225,2.063839856,0.357545533,1.58457272,2.567706588,           101P    741
-0.346549564,1.643543598,2.568385172,-1.551511397,1.76133815,        101P    742
2.075266845,-2.048236927,1.819781907,1.585864655,-2.567367102,       101P    743
1.938626993,0.379559345,-2.572725123,1.998403825,-0.336117113,       101P    744
-2.070740524,2.118287144,-1.562399192,-1.571243579,2.177431373,      101P    745
-2.063287954,-0.355972749,2.296490498,-2.568332682,0.344290093,      101P    746
2.35509271,-2.569145526,1.552695552,2.473213334,-2.074946407,        101P    747
2.04790049,2.531470779,-1.586632163,2.567324377,2.650380694,         101P    748
-0.379673338,2.572377855,2.71017265,0.336033736,2.072095259,         101P    749
2.82980697,1.560019587,1.570991994,2.889205049,2.062966485,          101P    750
0.35898335,3.0079759,2.567506586,-0.344449829,3.066881348,           101P    751
2.568821484,-1.550839764,3.184788332,2.075963717,-2.047793372,       101P    752
3.243209473,1.586898975,-2.567099283,3.362095403,0.38017794,         101P    753
-2.572916306,3.421731666,-0.333807167,-2.072535905,3.54154308,       101P    754
-1.559848932,-1.573826795,3.600671747,-2.061238108,                  101P    755
-0.359688679,3.719691639,-2.567759666,0.34136681,3.77835794,         101P    756
-2.569669729,1.551233972,3.896578389,-2.076213044,2.047194474,       101P    757
3.954838031,-1.588279117,2.533767652,4.066228559,-0.457641631,       101P    758
2.568945693,4.118399142,0.154315096,2.243416318,4.222689918,         101P    759
1.262242589,1.881654417,4.27491422,1.754713665,0.931281332,          101P    760
4.378508367,2.398690615,0.343229762,4.430430954,2.549550741,         101P    761
-0.793946848,4.533540428,2.446514565,-1.340661441,4.584842491,       101P    762
2.195246217,-2.165282468,4.688962197,1.392899891,-2.431834583,       101P    763
4.74099104,0.84271621,-2.555951211,4.845390853,-0.306581577,         101P    764
-2.410965374,4.897458238,-0.898434311,-1.78006666,5.00109638,        101P    765
-1.858123928,-1.294560047,5.053043495,-2.223124825,                  101P    766
-0.204535981,5.156176222,-2.563997516,0.398493002,5.207633537,       101P    767
-2.541202562,1.466087956,5.311626441,-2.116022427,1.924006887,       101P    768
5.36378796,-1.709039234,2.477823702,5.467972741,-0.697062041,        101P    769
2.571252862,5.520089159,-0.09443373,2.35622125,5.623776284,          101P    770
1.034303232,2.048710541,5.675585416,1.556466168,1.170331957,         101P    771
5.778974712,2.290819297,0.605577768,5.830313511,2.50024279,          101P    772
-0.544266541,5.934379346,2.515992815,-1.121800974,5.986421083,       101P    773
2.315940071,-2.020592055,6.090511579,1.594402472,-2.338252368,       101P    774
6.142670854,1.073389554,-2.572609981,6.246249808,-0.050270003,       101P    775
-2.488770052,6.298221243,-0.652205881,-1.959524728,6.401538008,      101P    776
-1.66652886,-1.51675197,6.453061479,-2.077979628,-0.46113053,        101P    777
6.557061186,-2.532262916,0.147931485,6.609020875,-2.569092865,       101P    778
1.254884354,6.713128159,-2.247285417,1.746846988,6.765129966,        101P    779
-1.889180769,2.395337477,6.868845918,-0.940242801,2.548694654,       101P    780
6.920709683,-0.353260817,2.448732853,7.024228129,0.788684558,        101P    781
2.197236446,7.075760371,1.338611031,1.395869757,7.179753593,         101P    782
2.162235126,0.847632039,7.231705364,2.429452725,-0.295680844,        101P    783
7.335592514,2.556599556,-0.888268689,7.387680955,2.414735177,        101P    784
-1.85054972,7.491313495,1.787905712,-2.218319887,7.543300305,        101P    785
1.303695805,-2.563931881,7.64680625,0.210887462,-2.542630845,        101P    786
7.698460937,-0.394909856,-2.11744686,7.802454249,-1.462508133,       101P    787
-1.71476253,7.854271848,-1.918429344,-0.707573974,7.958168702,       101P    788
-2.474477251,-0.107271606,8.010134889,-2.570790194,1.022741232,      101P    789
8.113843136,-2.361270092,1.547674831,8.165751503,-2.05589762,        101P    790
2.287665404,8.269483453,-1.17737946,2.50018919,8.321133778,          101P    791
-0.609513536,2.515931631,8.425153601,0.539822381,2.318913244,        101P    792
8.476920211,1.114531149,1.60349021,8.580621319,2.012778595,          101P    793
1.085538151,8.632670685,2.332672572,-0.037048874,8.736263075,        101P    794
2.572830471,-0.640556793,8.788313445,2.492316772,-1.660847511,       101P    795
8.892035234,1.964977867,-2.076345097,8.943863878,1.520548654,        101P    796
-2.530407885,9.047812859,0.465442564,-2.56895118,9.099529148,        101P    797
-0.140152963,-2.252963242,9.203169526,-1.243477077,                  101P    798
-1.898286475,9.255122134,-1.736925375,-0.952997858,9.358813069,      101P    799
-2.390235345,-0.365761347,9.410767494,-2.54749115,0.781389988,       101P    800
9.514729065,-2.451629834,1.335100621,9.566493604,-2.20065205,        101P    801
2.15929334,9.670558629,-1.398731987,2.426160566,9.722129997,         101P    802
-0.855673945,2.557567938,9.825656736,0.28321197,2.419422184,         101P    803
9.87764495,0.875297546,1.798112023,9.981229841,1.840521048,          101P    804
1.315111815,10.033324073,2.212223719,0.219066489,10.137278206,       101P    805
2.563786899,-0.391008399,10.189257397,2.544183894,-1.45803882,       101P    806
10.293195345,2.119227564,-1.9128966,10.344790304,1.720065197,        101P    807
-2.470414118,10.448216648,0.719571826,-2.570193709,                  101P    808
10.500130729,0.120679064,-2.366598849,10.603824432,                  101P    809
-1.010249357,-2.063801017,10.655817512,-1.53803296,-1.18457449,      101P    810
10.759984612,-2.284538885,-0.614140262,10.81189151,                  101P    811
-2.500125547,0.535711997,10.915958064,-2.515875598,1.107215972,      101P    812
10.967415248,-2.321887157,2.004911204,11.070729164,                  101P    813
-1.612560774,2.327073867,11.122678883,-1.097569967,2.572983904,      101P    814
11.226286622,0.023940727,2.495657855,11.27844257,0.629272763,        101P    815
1.970414399,11.382526149,1.65506911,1.524611158,11.434640148,        101P    816
2.074597872,0.46894745,11.538643991,2.528898519,-0.132359873,        101P    817
11.590030216,2.569003719,-1.233761302,11.693377587,2.257890815,      101P    818
-1.727548709,11.745177579,1.9068966,-2.385636039,11.84889991,        101P    819
0.964505871,-2.546262768,11.900966717,0.37670186,-2.454362499,       101P    820
12.005215851,-0.773938438,-2.202898242,12.057386173,                 101P    821
-1.332734604,-1.343080816,12.168955639,-2.216524345,                 101P    822
-0.697410343,12.227908869,-2.497216946,0.615355903,                  101P    823
12.346708262,-2.518632607,1.273429851,12.405802182,                  101P    824
-2.260580035,1.748498032,12.46577078,-1.798368417,                   101P    825
0.0839568222230531,1.,-0.020201307,0.991407605,0.129239574;          101P    826
126,1,1,1,0,1,0,0.,0.,1.,1.,1.,1.,1.,1.,0.,0.5,1.,0.,0.,1.,0.,       103P    827
0.,1.;                                                               103P    828
124,0.216992739477931,-0.676401304426694,0.703843325168129,          105P    829
10.6551567931819,0.914426951229753,0.3932101265638,                  105P    830
0.0959643018644936,5.98211731821979,-0.341668701929987,              105P    831
0.62278974922324,0.703843325168273,-7.46012858758232;                105P    832
100,-1.661700936,1.661700936,12.1,2.061700936,12.1,1.261700936,      107P    833
12.1;                                                                107P    834
126,1,1,1,0,1,0,0.,0.,1.,1.,1.,1.,0.5,1.,0.,0.5,0.083956822,0.,      109P    835
0.,1.,0.,0.,1.;                                                      109P    836
126,155,3,1,0,0,0,0.0839568222230531,0.0839568222230531,             111P    837
0.0839568222230531,0.0839568222230531,0.0975073112225231,            111P    838
0.0975073112225231,0.111057800221993,0.111057800221993,              111P    839
0.12309607972229,0.12309607972229,0.135134359222588,                 111P    840
0.135134359222588,0.147172638722885,0.147172638722885,               111P    841
0.159210918223182,0.159210918223182,0.17145187324354,                111P    842
0.17145187324354,0.183692828263898,0.183692828263898,                111P    843
0.195933783284256,0.195933783284256,0.208174738304615,               111P    844
0.208174738304615,0.220584948478012,0.220584948478012,               111P    845
0.232995158651409,0.232995158651409,0.245405368824806,               111P    846
0.245405368824806,0.257815578998203,0.257815578998203,               111P    847
0.270351342266321,0.270351342266321,0.282887105534439,               111P    848
0.282887105534439,0.295422868802557,0.295422868802557,               111P    849
0.307958632070675,0.307958632070675,0.320575460118188,               111P    850
0.320575460118188,0.333192288165702,0.333192288165702,               111P    851
0.345809116213215,0.345809116213215,0.358425944260728,               111P    852
0.358425944260728,0.371072581755227,0.371072581755227,               111P    853
0.383719219249726,0.383719219249726,0.396365856744224,               111P    854
0.396365856744224,0.409012494238723,0.409012494238723,               111P    855
0.421640610838316,0.421640610838316,0.434268727437909,               111P    856
0.434268727437909,0.446896844037502,0.446896844037502,               111P    857
0.459524960637095,0.459524960637095,0.472082295412565,               111P    858
0.472082295412565,0.484639630188035,0.484639630188035,               111P    859
0.497196964963505,0.497196964963505,0.509754299738975,               111P    860
0.509754299738975,0.52219641795756,0.52219641795756,                 111P    861
0.534638536176145,0.534638536176145,0.54708065439473,                111P    862
0.54708065439473,0.559522772613315,0.559522772613315,                111P    863
0.571804136343055,0.571804136343055,0.584085500072797,               111P    864
0.584085500072797,0.596366863802538,0.596366863802538,               111P    865
0.608648227532279,0.608648227532279,0.620734157318857,               111P    866
0.620734157318857,0.632820087105435,0.632820087105435,               111P    867
0.644906016892013,0.644906016892013,0.656991946678591,               111P    868
0.656991946678591,0.668849933283856,0.668849933283856,               111P    869
0.680707919889121,0.680707919889121,0.692565906494387,               111P    870
0.692565906494387,0.704423893099652,0.704423893099652,               111P    871
0.716028829144061,0.716028829144061,0.72763376518847,                111P    872
0.72763376518847,0.739238701232878,0.739238701232878,                111P    873
0.750843637277287,0.750843637277287,0.76377620430665,                111P    874
0.76377620430665,0.776708771336012,0.776708771336012,                111P    875
0.789641338365374,0.789641338365374,0.802573905394736,               111P    876
0.802573905394736,0.815133209275876,0.815133209275876,               111P    877
0.827692513157015,0.827692513157015,0.840251817038154,               111P    878
0.840251817038154,0.852811120919293,0.852811120919293,               111P    879
0.864992420747037,0.864992420747037,0.877173720574781,               111P    880
0.877173720574781,0.889355020402524,0.889355020402524,               111P    881
0.901536320230268,0.901536320230268,0.913333539013879,               111P    882
0.913333539013879,0.925130757797489,0.925130757797489,               111P    883
0.9369279765811,0.9369279765811,0.948725195364711,                   111P    884
0.948725195364711,0.961543896523533,0.961543896523533,               111P    885
0.974362597682355,0.974362597682355,0.987181298841178,               111P    886
0.987181298841178,0.993590649420589,0.993590649420589,               111P    887
0.996795324710294,0.996795324710294,0.998397662355147,               111P    888
0.998397662355147,1.,1.,1.,1.,1.,1.,1.,1.,1.,1.,1.,1.,1.,1.,1.,      111P    889
1.,1.,1.,1.,1.,1.,1.,1.,1.,1.,1.,1.,1.,1.,1.,1.,1.,1.,1.,1.,1.,      111P    890
1.,1.,1.,1.,1.,1.,1.,1.,1.,1.,1.,1.,1.,1.,1.,1.,1.,1.,1.,1.,1.,      111P    891
1.,1.,1.,1.,1.,1.,1.,1.,1.,1.,1.,1.,1.,1.,1.,1.,1.,1.,1.,1.,1.,      111P    892
1.,1.,1.,1.,1.,1.,1.,1.,1.,1.,1.,1.,1.,1.,1.,1.,1.,1.,1.,1.,1.,      111P    893
1.,1.,1.,1.,1.,1.,1.,1.,1.,1.,1.,1.,1.,1.,1.,1.,1.,1.,1.,1.,1.,      111P    894
1.,1.,1.,1.,1.,1.,1.,1.,1.,1.,1.,1.,1.,1.,1.,1.,1.,1.,1.,1.,1.,      111P    895
1.,1.,1.,1.,1.,1.,1.,1.,1.,1.,1.,1.,1.,1.,1.,1.,1.,1.,1.,            111P    896
1.57490384,11.73422922,-1.525033455,1.173165273,11.674651128,        111P    897
-1.939628533,0.603229087,11.6148922,-2.184569232,-0.542577353,       111P    898
11.496662552,-2.199549822,-1.115893882,11.437154335,                 111P    899
-1.97136111,-1.88846233,11.326129038,-1.222658452,-2.123744489,      111P    900
11.273689144,-0.740693122,-2.234433664,11.169393745,                 111P    901
0.262209776,-2.109538122,11.11752535,0.779271133,-1.559309198,       111P    902
11.013531771,1.620818647,-1.137506319,10.961958625,1.939765278,      111P    903
-0.183305196,10.858522608,2.240760257,0.343983563,10.806875202,      111P    904
2.221614459,1.276276942,10.70340283,1.852483,1.677784699,            111P    905
10.650998301,1.497713097,2.163793724,10.546870562,0.615321249,       111P    906
2.246981134,10.494912337,0.089151431,2.061919411,10.391033816,       111P    907
-0.898002439,1.794077692,10.339308872,-1.355630593,1.028418949,      111P    908
10.235909213,-1.999196156,0.533418668,10.184188722,                  111P    909
-2.184127382,-0.469773226,10.080653958,-2.199871432,                 111P    910
-0.974706898,10.028458896,-2.026934622,-1.76263744,9.92424356,       111P    911
-1.397910553,-2.040534709,9.872451182,-0.945265334,                  111P    912
-2.248747289,9.768486139,0.038120179,-2.177098408,9.716794595,       111P    913
0.563239727,-1.716394965,9.613286394,1.452219742,-1.328921045,       111P    914
9.561425842,1.813618218,-0.409256966,9.458019027,2.211579675,        111P    915
0.123889664,9.405754375,2.245470601,1.090843025,9.301748423,         111P    916
1.967251099,1.521913624,9.249857232,1.655467874,2.09092924,          111P    917
9.146001049,0.828120078,2.226707241,9.094233225,0.315056,            111P    918
2.14199711,8.990627832,-0.683572499,1.922861776,8.938788322,         111P    919
-1.16591998,1.224641391,8.835255079,-1.88640632,0.747156343,         111P    920
8.783207629,-2.121152182,-0.252643651,8.679189699,-2.235226282,      111P    921
-0.769085331,8.62744156,-2.11325314,-1.613041284,8.523478833,        111P    922
-1.567277197,-1.935219874,8.471743988,-1.145846168,                  111P    923
-2.240491068,8.368029378,-0.190132982,-2.222840921,8.316042305,      111P    924
0.340888253,-1.853902609,8.212624513,1.27268923,-1.502635866,        111P    925
8.160515902,1.672858895,-0.625074824,8.056733793,2.160599312,        111P    926
-0.100609402,8.004892268,2.246496755,0.887333974,7.901028219,        111P    927
2.0664935,1.347521863,7.849193988,1.800700047,1.996379059,           111P    928
7.745422535,1.034744582,2.184070867,7.693382358,0.537004777,         111P    929
2.199808316,7.589894086,-0.465736618,2.029483851,7.53796645,         111P    930
-0.968309012,1.406118826,7.434169808,-1.755505521,0.956045709,       111P    931
7.382473338,-2.035541686,-0.026381939,7.278493074,-2.248911046,      111P    932
-0.552677618,7.226739349,-2.180329754,-1.447411295,7.122776514,      111P    933
-1.721091,-1.811950679,7.070682521,-1.332773088,-2.210125234,        111P    934
6.967220625,-0.412619616,-2.245377005,6.915291415,0.116709163,       111P    935
-1.972280101,6.811716739,1.08073701,-1.663963917,6.759944377,        111P    936
1.512721973,-0.839336125,6.656040046,2.086484778,-0.325896614,       111P    937
6.604161219,2.225541444,0.676429945,6.500212247,2.144651269,         111P    938
1.163348405,6.447981388,1.925353931,1.883337566,6.344519582,         111P    939
1.227615256,2.118413352,6.292715329,0.75347869,2.235962063,          111P    940
6.189124367,-0.241714177,2.117373529,6.137477608,-0.757797267,       111P    941
1.575708989,6.033489743,-1.604814272,1.15564109,5.981694983,         111P    942
-1.929977132,0.196955562,5.87752989,-2.240389589,-0.337080162,       111P    943
5.825288462,-2.224348145,-1.26933623,5.721820203,-1.855230748,       111P    944
-1.667921263,5.67002711,-1.507473031,-2.157214687,5.566634321,       111P    945
-0.635142886,-2.245951198,5.51488194,-0.112162401,-2.07104747,       111P    946
5.411031585,0.876561936,-1.807274284,5.35907673,1.339401152,         111P    947
-1.041030726,5.254931972,1.99356307,-0.540882106,5.202606048,        111P    948
2.184010287,0.462302855,5.099071999,2.199754157,0.962041723,         111P    949
5.047465706,2.032060047,1.749018673,4.943996895,1.413603946,         111P    950
2.030819394,4.89240915,0.966018936,2.248971866,4.788450553,          111P    951
-0.015143711,2.182974378,4.736536023,-0.543432668,1.725814784,       111P    952
4.632300928,-1.442235198,1.335858537,4.579852932,-1.810616651,       111P    953
0.415707867,4.476391442,-2.208787761,-0.111134643,4.424668298,       111P    954
-2.245263168,-1.072649762,4.321454084,-1.976240246,-1.50566702,      111P    955
4.269729478,-1.670376293,-2.082915868,4.165820126,-0.848124485,      111P    956
-2.224695103,4.113953222,-0.335380756,-2.146594532,4.00950502,       111P    957
0.672048915,-1.927935383,3.957188024,1.16068025,-1.229352397,        111P    958
3.853600379,1.881549317,-0.758036887,3.802034109,2.116324799,        111P    959
0.232944763,3.698840212,2.2364557,0.7498741,3.647141875,             111P    960
2.120065794,1.5980218,3.543276891,1.58238643,1.926417059,            111P    961
3.491250892,1.161951459,2.240077724,3.38691465,0.202545664,          111P    962
2.22557098,3.334454078,-0.333998907,1.830216762,3.223632764,         111P    963
-1.332504442,1.409180251,3.16479686,-1.773621163,0.366534131,        111P    964
3.04711096,-2.235170446,-0.247527328,2.987917754,-2.252695601,       111P    965
-1.319708486,2.869411339,-1.84210196,-1.770189462,2.809758706,       111P    966
-1.416602699,-2.238199432,2.690487066,-0.360021138,                  111P    967
-2.252653552,2.630281923,0.265588142,-1.830703678,2.512003512,       111P    968
1.331285461,-1.408836004,2.453009387,1.773407207,-0.369195547,       111P    969
2.335630602,2.234357842,0.246906838,2.276205045,2.252456085,         111P    970
1.317202765,2.157940122,1.843537273,1.769794727,2.098024698,         111P    971
1.416745667,2.237678443,1.978924896,0.361944048,2.252836921,         111P    972
1.91856696,-0.265142305,1.830790256,1.800264683,-1.331050031,        111P    973
1.410432411,1.741435096,-1.772467906,0.369060757,1.623840517,        111P    974
-2.234648774,-0.244250128,1.564720977,-2.253098728,                  111P    975
-1.317423057,1.446163967,-1.843824646,-1.768545636,1.386506071,      111P    976
-1.418792111,-2.237985347,1.267153801,-0.362020135,                  111P    977
-2.252871258,1.206813201,0.2650418,-1.831063985,1.088575425,         111P    978
1.330372056,-1.409410117,1.029561387,1.772775259,-0.371009727,       111P    979
0.912289463,2.233930014,0.245638889,0.852803682,2.252593095,         111P    980
1.316191939,0.734534435,1.844270156,1.768586809,0.674757468,         111P    981
1.418983912,2.2382932,0.555284234,0.361042426,2.253500717,           111P    982
0.495225645,-0.263444478,1.805069729,0.369523405,-1.396032345,       111P    983
1.302937806,0.303778473,-1.875939064,0.088481572,0.17143548,         111P    984
-2.281657731,-0.609525149,0.105131253,-2.202296396,                  111P    985
-1.705792635,-0.028379765,-1.52059104,-2.091837925,                  111P    986
-0.095419784,-0.92313665,-2.215867845,-0.196442539,0.046350331,      111P    987
-2.183824207,-0.230388328,0.381079784,-2.028255991,                  111P    988
-0.281253189,0.84818354,-1.958503036,-0.298150392,0.997695031,       111P    989
-1.830999538,-0.323542067,1.207605413,-1.784691401,                  111P    990
-0.331999865,1.275157101,-1.684988805,-0.348888205,1.404557603,      111P    991
-1.630765523,-0.355360945,1.461699208,-1.574842987,                  111P    992
-0.365735394,1.524977426,0.0839568222230531,1.,0.073455496,          111P    993
-0.994713099,0.071764485;                                            111P    994
126,1,1,1,0,1,0,0.,0.,1.,1.,1.,1.,0.5,0.083956822,0.,1.,             113P    995
0.083956822,0.,0.,1.,0.,0.,1.;                                       113P    996
124,0.21714487263677,0.676352480518641,0.70384332516821,             115P    997
-2.47044820980664,-0.914338485843583,0.393415792861604,              115P    998
-0.0959643018644949,-1.35989314734309,-0.34180877342869,             115P    999
-0.622712884099371,0.703843325168192,-0.0758601349591295;            115P   1000
100,1.661700936,-1.661700936,0.,-1.261700936,0.,-2.061700936,        117P   1001
0.;                                                                  117P   1002
102,4,99,103,109,113;                                                119P   1003
102,4,101,107,111,117;                                               121P   1004
142,1,97,119,121,1;                                                  123P   1005
144,97,1,0,123;                                                      125P   1006
128,3,9,3,3,0,0,0,0,0,0.5,0.5,0.5,0.5,1.,1.,1.,1.,                   127P   1007
0.0737731393957507,0.0737731393957507,0.0737731393957507,            127P   1008
0.0737731393957507,0.0763190601025763,0.0763190601025763,            127P   1009
0.0788649808094019,0.0788649808094019,0.0814109015162275,            127P   1010
0.0814109015162275,0.0839568222230531,0.0839568222230531,            127P   1011
0.0839568222230531,0.0839568222230531,1.,0.333333333333333,          127P   1012
0.333333333333333,1.,1.,0.333333333333333,0.333333333333333,1.,      127P   1013
1.,0.333333333333333,0.333333333333333,1.,1.,0.333333333333333,      127P   1014
0.333333333333333,1.,1.,0.333333333333333,0.333333333333333,1.,      127P   1015
1.,0.333333333333333,0.333333333333333,1.,1.,0.333333333333333,      127P   1016
0.333333333333333,1.,1.,0.333333333333333,0.333333333333333,1.,      127P   1017
1.,0.333333333333333,0.333333333333333,1.,1.,0.333333333333333,      127P   1018
0.333333333333333,1.,-0.418346983,-0.41547771,2.140142277,           127P   1019
-0.796631544,-0.442505317,1.435748708,-0.84077303,0.356245789,       127P   1020
1.428806157,-0.462488469,0.383273397,2.133199725,-0.512847458,       127P   1021
-0.420364818,2.178720135,-0.761752943,-0.419066825,1.403767306,      127P   1022
-0.797887373,0.380303779,1.417208361,-0.548981888,0.379005786,       127P   1023
2.19216119,-0.604627518,-0.425421925,2.187137126,-0.708084353,       127P   1024
-0.395515503,1.384052837,-0.742119261,0.40337126,1.418534729,        127P   1025
-0.638662426,0.373464838,2.221619018,-0.802043332,-0.432395068,      127P   1026
2.157461663,-0.655227129,-0.344105486,1.365506871,-0.694953493,      127P   1027
0.45108289,1.447144434,-0.841769696,0.362793307,2.239099226,         127P   1028
-0.903792164,-0.434024463,2.117413374,-0.658613134,                  127P   1029
-0.316941921,1.360159386,-0.706552349,0.474947693,1.467223291,       127P   1030
-0.951731379,0.357865151,2.224477279,-1.10479852,-0.429353089,       127P   1031
1.997750897,-0.71749845,-0.254563335,1.314594961,-0.791018432,       127P   1032
0.526693913,1.472967705,-1.178318503,0.351904159,2.156123641,        127P   1033
-1.20397981,-0.423021541,1.918466237,-0.769769904,-0.219131824,      127P   1034
1.275565522,-0.860606504,0.554746791,1.459708009,-1.294816409,       127P   1035
0.350857075,2.102608724,-1.395183263,-0.400998381,1.736060568,       127P   1036
-0.89194131,-0.139942425,1.168585501,-1.022057799,0.61521122,        127P   1037
1.400664203,-1.525299752,0.354155265,1.968139271,-1.485988841,       127P   1038
-0.382219139,1.625518861,-0.967962089,-0.080262404,1.094235855,      127P   1039
-1.122583333,0.657343117,1.36340295,-1.640610085,0.355386382,        127P   1040
1.894685956,-1.574842987,-0.365735394,1.524977426,-1.033761002,      127P   1041
-0.05100276,1.026807119,-1.2074769,0.680468029,1.300254138,          127P   1042
-1.748558885,0.365735394,1.798424445,0.5,1.,0.0737731393957507,      127P   1043
0.0839568222230531;                                                  127P   1044
126,1,1,1,0,1,0,0.,0.,1.,1.,1.,1.,1.,0.073773139,0.,1.,              129P   1045
0.083956822,0.,0.,1.,0.,0.,1.;                                       129P   1046
126,9,3,1,0,0,0,0.0737731393957507,0.0737731393957507,               131P   1047
0.0737731393957507,0.0737731393957507,0.0763190601025763,            131P   1048
0.0763190601025763,0.0788649808094019,0.0788649808094019,            131P   1049
0.0814109015162275,0.0814109015162275,0.0839568222230531,            131P   1050
0.0839568222230531,0.0839568222230531,0.0839568222230531,1.,1.,      131P   1051
1.,1.,1.,1.,1.,1.,1.,1.,-0.462488469,0.383273397,2.133199725,        131P   1052
-0.548981888,0.379005786,2.19216119,-0.638662426,0.373464838,        131P   1053
2.221619018,-0.841769696,0.362793307,2.239099226,-0.951731379,       131P   1054
0.357865151,2.224477279,-1.178318503,0.351904159,2.156123641,        131P   1055
-1.294816409,0.350857075,2.102608724,-1.525299752,0.354155265,       131P   1056
1.968139271,-1.640610085,0.355386382,1.894685956,-1.748558885,       131P   1057
0.365735394,1.798424445,0.0737731393957507,0.0839568222230531,       131P   1058
-0.057130397,0.998299904,-0.011550726;                               131P   1059
126,1,1,1,0,1,0,0.,0.,1.,1.,1.,1.,1.,0.083956822,0.,0.5,             133P   1060
0.083956822,0.,0.,1.,0.,0.,1.;                                       133P   1061
124,-0.217144872636763,0.676352480518648,-0.703843325168205,         135P   1062
-0.852953661770092,0.914338485843588,0.393415792861592,              135P   1063
0.0959643018644943,1.3598931473431,0.34180877342868,                 135P   1064
-0.622712884099372,-0.703843325168197,3.39926200653593;              135P   1065
100,1.661700936,-1.661700936,0.,-1.261700936,0.,-2.061700936,        137P   1066
0.;                                                                  137P   1067
126,1,1,1,0,1,0,0.,0.,1.,1.,1.,1.,0.5,0.083956822,0.,0.5,            139P   1068
0.073773139,0.,0.,1.,0.,0.,1.;                                       139P   1069
126,9,3,1,0,0,0,0.0737731393957507,0.0737731393957507,               141P   1070
0.0737731393957507,0.0737731393957507,0.0763190601025763,            141P   1071
0.0763190601025763,0.0788649808094019,0.0788649808094019,            141P   1072
0.0814109015162275,0.0814109015162275,0.0839568222230531,            141P   1073
0.0839568222230531,0.0839568222230531,0.0839568222230531,1.,1.,      141P   1074
1.,1.,1.,1.,1.,1.,1.,1.,-1.574842987,-0.365735394,1.524977426,       141P   1075
-1.485988841,-0.382219139,1.625518861,-1.395183263,                  141P   1076
-0.400998381,1.736060568,-1.20397981,-0.423021541,1.918466237,       141P   1077
-1.10479852,-0.429353089,1.997750897,-0.903792164,-0.434024463,      141P   1078
2.117413374,-0.802043332,-0.432395068,2.157461663,-0.604627518,      141P   1079
-0.425421925,2.187137126,-0.512847458,-0.420364818,2.178720135,      141P   1080
-0.418346983,-0.41547771,2.140142277,0.0737731393957507,             141P   1081
0.0839568222230531,0.182224012,-0.931833777,-0.313815585;            141P   1082
126,1,1,1,0,1,0,0.,0.,1.,1.,1.,1.,0.5,0.073773139,0.,1.,             143P   1083
0.073773139,0.,0.,1.,0.,0.,1.;                                       143P   1084
124,0.0551768573267651,-0.472855700687214,0.879410598493756,         145P   1085
-2.30274198054927,-0.998438883180723,-0.0337845089537746,            145P   1086
0.0444792480555085,-0.551413862186492,0.00867818923352868,           145P   1087
-0.880491960941357,-0.473981640730177,3.13905803684223;              145P   1088
100,2.136671001,-0.440417726,-0.016102157,-0.040417726,              147P   1089
-0.016102157,-0.840417726,-0.016102157;                              147P   1090
102,4,129,133,139,143;                                               149P   1091
102,4,131,137,141,147;                                               151P   1092
142,1,127,149,151,1;                                                 153P   1093
144,127,1,0,153;                                                     155P   1094
128,3,9,3,3,0,0,0,0,0,0.5,0.5,0.5,0.5,1.,1.,1.,1.,                   157P   1095
0.065904422879112,0.065904422879112,0.065904422879112,               157P   1096
0.065904422879112,0.0668880124436918,0.0668880124436918,             157P   1097
0.0678716020082717,0.0678716020082717,0.0698387811374313,            157P   1098
0.0698387811374313,0.0737731393957507,0.0737731393957507,            157P   1099
0.0737731393957507,0.0737731393957507,1.,0.333333333333333,          157P   1100
0.333333333333333,1.,1.,0.333333333333333,0.333333333333333,1.,      157P   1101
1.,0.333333333333333,0.333333333333333,1.,1.,0.333333333333333,      157P   1102
0.333333333333333,1.,1.,0.333333333333333,0.333333333333333,1.,      157P   1103
1.,0.333333333333333,0.333333333333333,1.,1.,0.333333333333333,      157P   1104
0.333333333333333,1.,1.,0.333333333333333,0.333333333333333,1.,      157P   1105
1.,0.333333333333333,0.333333333333333,1.,1.,0.333333333333333,      157P   1106
0.333333333333333,1.,0.,-0.4,1.2,-0.8,-0.4,1.2,-0.8,0.4,1.2,0.,      157P   1107
0.4,1.2,0.000337485,-0.4,1.249575419,-0.799662515,-0.40067497,       157P   1108
1.236999008,-0.800337485,0.39932503,1.237218492,-0.000337485,        157P   1109
0.4,1.249794903,-0.00093999,-0.400038849,1.298831605,                157P   1110
-0.799754248,-0.402811608,1.247838462,-0.802568356,0.39718463,       157P   1111
1.248664874,-0.003754098,0.399957389,1.299658017,-0.008913677,       157P   1112
-0.40022199,1.396629988,-0.802548657,-0.405968257,1.292597808,       157P   1113
-0.808515809,0.394009782,1.294051602,-0.014880829,0.399756049,       157P   1114
1.398083782,-0.015273504,-0.400366304,1.445061237,-0.80491718,       157P   1115
-0.407663643,1.313830413,-0.812573444,0.392299937,1.315523865,       157P   1116
-0.022929769,0.399597276,1.446754689,-0.041563401,-0.401004095,      157P   1117
1.587628806,-0.814179449,-0.413077695,1.372765405,-0.827197206,      157P   1118
0.386821601,1.37489017,-0.054581158,0.398895201,1.589753571,         157P   1119
-0.06877735,-0.401701769,1.679064072,-0.823473078,-0.417149891,      157P   1120
1.405683797,-0.840470866,0.382677684,1.407700399,-0.085775138,       157P   1121
0.398125807,1.681080674,-0.177815365,-0.405024869,1.930307705,       157P   1122
-0.847854186,-0.42982901,1.473583759,-0.877140299,0.36967761,        157P   1123
1.473819473,-0.207101478,0.394481751,1.930543419,-0.293383419,       157P   1124
-0.409188329,2.069199026,-0.856822274,-0.43923225,1.464343205,       157P   1125
-0.894740475,0.359896211,1.461245933,-0.33130162,0.389940132,        157P   1126
2.066101755,-0.418346983,-0.41547771,2.140142277,-0.796631544,       157P   1127
-0.442505317,1.435748708,-0.84077303,0.356245789,1.428806157,        157P   1128
-0.462488469,0.383273397,2.133199725,0.5,1.,0.065904422879112,       157P   1129
0.0737731393957507;                                                  157P   1130
126,1,1,1,0,1,0,0.,0.,1.,1.,1.,1.,1.,0.065904423,0.,1.,              159P   1131
0.073773139,0.,0.,1.,0.,0.,1.;                                       159P   1132
126,9,3,1,0,0,0,0.065904422879112,0.065904422879112,                 161P   1133
0.065904422879112,0.065904422879112,0.0668880124436918,              161P   1134
0.0668880124436918,0.0678716020082717,0.0678716020082717,            161P   1135
0.0698387811374313,0.0698387811374313,0.0737731393957507,            161P   1136
0.0737731393957507,0.0737731393957507,0.0737731393957507,1.,1.,      161P   1137
1.,1.,1.,1.,1.,1.,1.,1.,0.,0.4,1.2,-0.000337485,0.4,                 161P   1138
1.249794903,-0.003754098,0.399957389,1.299658017,-0.014880829,       161P   1139
0.399756049,1.398083782,-0.022929769,0.399597276,1.446754689,        161P   1140
-0.054581158,0.398895201,1.589753571,-0.085775138,0.398125807,       161P   1141
1.681080674,-0.207101478,0.394481751,1.930543419,-0.33130162,        161P   1142
0.389940132,2.066101755,-0.462488469,0.383273397,2.133199725,        161P   1143
0.065904422879112,0.0737731393957507,-0.027287597,0.999627607,       161P   1144
-0.000184942;                                                        161P   1145
126,1,1,1,0,1,0,0.,0.,1.,1.,1.,1.,1.,0.073773139,0.,0.5,             163P   1146
0.073773139,0.,0.,1.,0.,0.,1.;                                       163P   1147
124,-0.0551768573267721,-0.472855700687207,-0.879410598493759,       165P   1148
1.40667853520008,0.998438883180722,-0.0337845089537891,              165P   1149
-0.0444792480555087,0.518121541909335,-0.00867818923354179,          165P   1150
-0.88049196094136,0.473981640730171,1.10592832644677;                165P   1151
100,2.136671001,-0.440417726,-0.016102157,-0.040417726,              167P   1152
-0.016102157,-0.840417726,-0.016102157;                              167P   1153
126,1,1,1,0,1,0,0.,0.,1.,1.,1.,1.,0.5,0.073773139,0.,0.5,            169P   1154
0.065904423,0.,0.,1.,0.,0.,1.;                                       169P   1155
126,9,3,1,0,0,0,0.065904422879112,0.065904422879112,                 171P   1156
0.065904422879112,0.065904422879112,0.0698387811374313,              171P   1157
0.0698387811374313,0.071805960266591,0.071805960266591,              171P   1158
0.0727895498311709,0.0727895498311709,0.0737731393957507,            171P   1159
0.0737731393957507,0.0737731393957507,0.0737731393957507,1.,1.,      171P   1160
1.,1.,1.,1.,1.,1.,1.,1.,-0.418346983,-0.41547771,2.140142277,        171P   1161
-0.293383419,-0.409188329,2.069199026,-0.177815365,                  171P   1162
-0.405024869,1.930307705,-0.06877735,-0.401701769,1.679064072,       171P   1163
-0.041563401,-0.401004095,1.587628806,-0.015273504,                  171P   1164
-0.400366304,1.445061237,-0.008913677,-0.40022199,1.396629988,       171P   1165
-0.00093999,-0.400038849,1.298831605,0.000337485,-0.4,               171P   1166
1.249575419,0.,-0.4,1.2,0.065904422879112,0.0737731393957507,        171P   1167
0.058476211,-0.998183335,0.014510755;                                171P   1168
126,1,1,1,0,1,0,0.,0.,1.,1.,1.,1.,0.5,0.065904423,0.,1.,             173P   1169
0.065904423,0.,0.,1.,0.,0.,1.;                                       173P   1170
124,6.17850812333981E-17,-1.,6.98296267768627E-15,                   175P   1171
-8.04648830583597E-15,-1.,-6.1785081233406E-17,                      175P   1172
-1.08420217248551E-15,1.63410951437016E-15,                          175P   1173
1.08420217248551E-15,-6.98296267768627E-15,-1.,2.4;                  175P   1174
100,1.2,0.,0.,0.4,0.,-0.4,0.;                                        177P   1175
102,4,159,163,169,173;                                               179P   1176
102,4,161,167,171,177;                                               181P   1177
142,1,157,179,181,1;                                                 183P   1178
144,157,1,0,183;                                                     185P   1179
110,0.,0.,0.5,0.,0.,1000.5;                                          187P   1180
110,0.,-0.4,0.5,0.,-0.4,1.2;                                         189P   1181
120,187,189,0.,6.28318530717959;                                     191P   1182
126,1,1,1,0,1,0,0.,0.,1.,1.,1.,1.,0.,0.,0.,0.,3.141592654,0.,        193P   1183
0.,1.,0.,0.,1.;                                                      193P   1184
100,0.5,0.,0.,0.,-0.4,0.,0.4;                                        195P   1185
126,1,1,1,0,1,0,0.,0.,1.,1.,1.,1.,0.,3.141592654,0.,1.,              197P   1186
3.141592654,0.,0.,1.,0.,0.,1.;                                       197P   1187
110,0.,0.4,0.5,0.,0.4,1.2;                                           199P   1188
126,1,1,1,0,1,0,0.,0.,1.,1.,1.,1.,1.,3.141592654,0.,1.,0.,0.,        201P   1189
0.,1.,0.,0.,1.;                                                      201P   1190
124,1.38514353414898E-14,1.,-6.98296267768627E-15,                   203P   1191
8.04648830583597E-15,1.,-1.38514353414898E-14,                       203P   1192
-1.08420217248551E-15,1.63410951437016E-15,                          203P   1193
-1.0842021724856E-15,-6.98296267768625E-15,-1.,2.4;                  203P   1194
100,1.2,0.,0.,0.4,0.,-0.4,0.;                                        205P   1195
126,1,1,1,0,1,0,0.,0.,1.,1.,1.,1.,1.,0.,0.,0.,0.,0.,0.,1.,0.,        207P   1196
0.,1.;                                                               207P   1197
110,0.,-0.4,1.2,0.,-0.4,0.5;                                         209P   1198
102,4,193,197,201,207;                                               211P   1199
102,4,195,199,205,209;                                               213P   1200
142,1,191,211,213,1;                                                 215P   1201
144,191,1,0,215;                                                     217P   1202
110,0.,-4.9,0.,0.,995.1,0.;                                          219P   1203
110,0.,-4.9,0.4,0.,-0.5,0.4;                                         221P   1204
120,219,221,0.,6.28318530717959;                                     223P   1205
126,1,1,1,0,1,0,0.,0.,1.,1.,1.,1.,0.,1.570796327,0.,0.,              225P   1206
3.141592654,0.,0.,1.,0.,0.,1.;                                       225P   1207
124,1.,0.,0.,0.,0.,6.12323399573677E-17,1.,-4.9,0.,-1.,              227P   1208
6.12323399573677E-17,-4.9;                                           227P   1209
100,0.,0.,-4.9,0.4,-4.9,0.,-4.5;                                     229P   1210
126,1,1,1,0,1,0,0.,0.,1.,1.,1.,1.,0.,3.141592654,0.,1.,              231P   1211
3.141592654,0.,0.,1.,0.,0.,1.;                                       231P   1212
110,0.,-4.9,-0.4,0.,-0.5,-0.4;                                       233P   1213
126,1,1,1,0,1,0,0.,0.,1.,1.,1.,1.,1.,3.141592654,0.,1.,0.,0.,        235P   1214
0.,1.,0.,0.,1.;                                                      235P   1215
124,1.40271576953299E-14,1.,0.,0.5,-6.12323399573677E-17,            237P   1216
8.58915688636046E-31,-1.,-0.5,-1.,1.40271576953299E-14,              237P   1217
6.12323399573677E-17,7.01357884766495E-15;                           237P   1218
100,0.,0.,-0.5,0.4,-0.5,-0.4,-0.5;                                   239P   1219
126,1,1,1,0,1,0,0.,0.,1.,1.,1.,1.,1.,0.,0.,0.,0.,0.,0.,1.,0.,        241P   1220
0.,1.;                                                               241P   1221
110,0.,-0.5,0.4,0.,-4.9,0.4;                                         243P   1222
126,1,1,1,0,1,0,0.,0.,1.,1.,1.,1.,0.,0.,0.,0.,1.570796327,0.,        245P   1223
0.,1.,0.,0.,1.;                                                      245P   1224
124,1.40271576953299E-14,1.,0.,4.9,-6.12323399573677E-17,            247P   1225
8.58915688636046E-31,1.,-4.9,1.,-1.40271576953299E-14,               247P   1226
6.12323399573677E-17,-6.87330727071165E-14;                          247P   1227
100,0.,0.,-4.9,0.4,-4.9,0.,-4.5;                                     249P   1228
102,5,225,231,235,241,245;                                           251P   1229
102,5,229,233,239,243,249;                                           253P   1230
142,1,223,251,253,1;                                                 255P   1231
144,223,1,0,255;                                                     257P   1232
110,2.9,-5.4,0.,-997.1,-5.4,0.;                                      259P   1233
110,2.9,-5.4,0.4,0.5,-5.4,0.4;                                       261P   1234
120,259,261,0.,6.28318530717959;                                     263P   1235
126,1,1,1,0,1,0,0.,0.,1.,1.,1.,1.,0.,0.,0.,0.,3.141592654,0.,        265P   1236
0.,1.,0.,0.,1.;                                                      265P   1237
124,6.12323399573677E-17,0.,-1.,2.9,0.,1.,0.,0.,1.,0.,               267P   1238
6.12323399573677E-17,-2.9;                                           267P   1239
100,0.,2.9,-5.4,3.3,-5.4,2.5,-5.4;                                   269P   1240
126,1,1,1,0,1,0,0.,0.,1.,1.,1.,1.,0.,3.141592654,0.,1.,              271P   1241
3.141592654,0.,0.,1.,0.,0.,1.;                                       271P   1242
110,2.9,-5.4,-0.4,0.5,-5.4,-0.4;                                     273P   1243
126,1,1,1,0,1,0,0.,0.,1.,1.,1.,1.,1.,3.141592654,0.,1.,              275P   1244
1.570796327,0.,0.,1.,0.,0.,1.;                                       275P   1245
124,6.12323399573677E-17,0.,1.,0.5,0.,1.,0.,0.,-1.,0.,               277P   1246
6.12323399573677E-17,0.5;                                            277P   1247
100,0.,0.5,-5.4,0.9,-5.4,0.5,-5.;                                    279P   1248
126,1,1,1,0,1,0,0.,0.,1.,1.,1.,1.,1.,1.570796327,0.,1.,0.,0.,        281P   1249
0.,1.,0.,0.,1.;                                                      281P   1250
124,3.74939945665464E-33,-6.12323399573677E-17,1.,0.5,1.,            283P   1251
6.12323399573677E-17,0.,-5.9,-6.12323399573677E-17,1.,               283P   1252
6.12323399573677E-17,5.4;                                            283P   1253
100,0.,0.5,-5.4,0.9,-5.4,0.5,-5.;                                    285P   1254
126,1,1,1,0,1,0,0.,0.,1.,1.,1.,1.,1.,0.,0.,0.,0.,0.,0.,1.,0.,        287P   1255
0.,1.;                                                               287P   1256
110,0.5,-5.4,0.4,2.9,-5.4,0.4;                                       289P   1257
102,5,265,271,275,281,287;                                           291P   1258
102,5,269,273,279,285,289;                                           293P   1259
142,1,263,291,293,1;                                                 295P   1260
144,263,1,0,295;                                                     297P   1261
128,1,1,1,1,0,0,1,0,0,0.,0.,1.,1.,0.,0.,1.,1.,1.,1.,1.,1.,2.9,       299P   1262
-5.8048,0.4048,2.9,-5.8048,-0.4048,2.9,-4.9952,0.4048,2.9,           299P   1263
-4.9952,-0.4048,0.,1.,0.,1.;                                         299P   1264
126,16,2,1,0,1,0,0.,0.,0.,0.125,0.125,0.25,0.25,0.375,0.375,         301P   1265
0.5,0.5,0.625,0.625,0.75,0.75,0.875,0.875,1.,1.,1.,1.,1.,1.,1.,      301P   1266
1.,1.,1.,1.,1.,1.,1.,1.,1.,1.,1.,1.,1.,0.005928854,0.5,0.,           301P   1267
0.005928854,0.401723139,0.,0.04353778,0.310927158,0.,                301P   1268
0.081146707,0.220131177,0.,0.150638942,0.150638942,0.,               301P   1269
0.220131177,0.081146707,0.,0.310927158,0.04353778,0.,                301P   1270
0.401723139,0.005928854,0.,0.5,0.005928854,0.,0.598276861,           301P   1271
0.005928854,0.,0.689072842,0.04353778,0.,0.779868823,                301P   1272
0.081146707,0.,0.849361058,0.150638942,0.,0.918853293,               301P   1273
0.220131177,0.,0.95646222,0.310927158,0.,0.994071146,                301P   1274
0.401723139,0.,0.994071146,0.5,0.,0.,1.,0.,0.,-1.;                   301P   1275
124,-6.12323399573677E-17,4.27583144589696E-31,1.,2.9,               303P   1276
-6.98296267768627E-15,-1.,0.,-10.8,1.,-6.98296267768627E-15,         303P   1277
6.12323399573677E-17,-2.90000000000004;                              303P   1278
100,0.,2.9,-5.4,3.3,-5.4,2.5,-5.4;                                   305P   1279
126,16,2,1,0,1,0,0.,0.,0.,0.125,0.125,0.25,0.25,0.375,0.375,         307P   1280
0.5,0.5,0.625,0.625,0.75,0.75,0.875,0.875,1.,1.,1.,1.,1.,1.,1.,      307P   1281
1.,1.,1.,1.,1.,1.,1.,1.,1.,1.,1.,1.,1.,0.994071146,0.5,0.,           307P   1282
0.994071146,0.598276861,0.,0.95646222,0.689072842,0.,                307P   1283
0.918853293,0.779868823,0.,0.849361058,0.849361058,0.,               307P   1284
0.779868823,0.918853293,0.,0.689072842,0.95646222,0.,                307P   1285
0.598276861,0.994071146,0.,0.5,0.994071146,0.,0.401723139,           307P   1286
0.994071146,0.,0.310927158,0.95646222,0.,0.220131177,                307P   1287
0.918853293,0.,0.150638942,0.849361058,0.,0.081146707,               307P   1288
0.779868823,0.,0.04353778,0.689072842,0.,0.005928854,                307P   1289
0.598276861,0.,0.005928854,0.5,0.,0.,1.,0.,0.,-1.;                   307P   1290
124,6.12323399573677E-17,0.,1.,2.9,0.,1.,0.,0.,-1.,0.,               309P   1291
6.12323399573677E-17,2.9;                                            309P   1292
100,0.,2.9,-5.4,3.3,-5.4,2.5,-5.4;                                   311P   1293
102,2,301,307;                                                       313P   1294
102,2,305,311;                                                       315P   1295
142,1,299,313,315,1;                                                 317P   1296
144,299,1,0,317;                                                     319P   1297
128,1,1,1,1,0,0,1,0,0,0.,0.,1.,1.,0.,0.,1.,1.,1.,1.,1.,1.,           321P   1298
1.300055027,11.889011429,-1.271288155,1.475732349,12.629331489,      321P   1299
-1.547903136,1.847669523,11.570668511,-1.775498736,2.023346845,      321P   1300
12.310988571,-2.052113717,0.,1.,0.,1.;                               321P   1301
126,16,2,1,0,1,0,0.,0.,0.,0.125,0.125,0.25,0.25,0.375,0.375,         323P   1302
0.5,0.5,0.625,0.625,0.75,0.75,0.875,0.875,1.,1.,1.,1.,1.,1.,1.,      323P   1303
1.,1.,1.,1.,1.,1.,1.,1.,1.,1.,1.,1.,1.,0.005928854,0.5,0.,           323P   1304
0.005928854,0.401723139,0.,0.04353778,0.310927158,0.,                323P   1305
0.081146707,0.220131177,0.,0.150638942,0.150638942,0.,               323P   1306
0.220131177,0.081146707,0.,0.310927158,0.04353778,0.,                323P   1307
0.401723139,0.005928854,0.,0.5,0.005928854,0.,0.598276861,           323P   1308
0.005928854,0.,0.689072842,0.04353778,0.,0.779868823,                323P   1309
0.081146707,0.,0.849361058,0.150638942,0.,0.918853293,               323P   1310
0.220131177,0.,0.95646222,0.310927158,0.,0.994071146,                323P   1311
0.401723139,0.,0.994071146,0.5,0.,0.,1.,0.,0.,-1.;                   323P   1312
124,-0.216992739477942,-0.676401304426696,-0.703843325168124,        325P   1313
9.03715664552124,-0.914426951229748,0.39321012656381,                325P   1314
-0.0959643018644929,8.70219761893616,0.341668701929991,              325P   1315
0.622789749223232,-0.703843325168278,-10.9347852151965;              325P   1316
100,-1.661700936,1.661700936,12.1,2.061700936,12.1,1.261700936,      327P   1317
12.1;                                                                327P   1318
126,16,2,1,0,1,0,0.,0.,0.,0.125,0.125,0.25,0.25,0.375,0.375,         329P   1319
0.5,0.5,0.625,0.625,0.75,0.75,0.875,0.875,1.,1.,1.,1.,1.,1.,1.,      329P   1320
1.,1.,1.,1.,1.,1.,1.,1.,1.,1.,1.,1.,1.,0.994071146,0.5,0.,           329P   1321
0.994071146,0.598276861,0.,0.95646222,0.689072842,0.,                329P   1322
0.918853293,0.779868823,0.,0.849361058,0.849361058,0.,               329P   1323
0.779868823,0.918853293,0.,0.689072842,0.95646222,0.,                329P   1324
0.598276861,0.994071146,0.,0.5,0.994071146,0.,0.401723139,           329P   1325
0.994071146,0.,0.310927158,0.95646222,0.,0.220131177,                329P   1326
0.918853293,0.,0.150638942,0.849361058,0.,0.081146707,               329P   1327
0.779868823,0.,0.04353778,0.689072842,0.,0.005928854,                329P   1328
0.598276861,0.,0.005928854,0.5,0.,0.,1.,0.,0.,-1.;                   329P   1329
124,0.216992739477934,0.676401304426699,-0.703843325168124,          331P   1330
-8.0529089981045,0.914426951229753,-0.3932101265638,                 331P   1331
-0.095964301864493,15.1788744406428,-0.341668701929984,              331P   1332
-0.622789749223236,-0.703843325168278,5.27222911945926;              331P   1333
100,-1.661700936,1.661700936,12.1,2.061700936,12.1,1.261700936,      333P   1334
12.1;                                                                333P   1335
102,2,323,329;                                                       335P   1336
102,2,327,333;                                                       337P   1337
142,1,321,335,337,1;                                                 339P   1338
144,321,1,0,339;                                                     341P   1339
110,2.9,-5.4,0.,-997.1,-5.4,0.;                                      343P   1340
110,2.9,-5.4,0.4,0.5,-5.4,0.4;                                       345P   1341
120,343,345,0.,6.28318530717959;                                     347P   1342
126,1,1,1,0,1,0,0.,0.,1.,1.,1.,1.,1.,3.141592654,0.,0.,              349P   1343
3.141592654,0.,0.,1.,0.,0.,1.;                                       349P   1344
110,0.5,-5.4,-0.4,2.9,-5.4,-0.4;                                     351P   1345
126,1,1,1,0,1,0,0.,0.,1.,1.,1.,1.,0.,3.141592654,0.,0.,              353P   1346
6.283185307,0.,0.,1.,0.,0.,1.;                                       353P   1347
124,-6.12323399573677E-17,4.27583144589696E-31,-1.,2.9,              355P   1348
-6.98296267768627E-15,-1.,0.,-10.8,-1.,6.98296267768627E-15,         355P   1349
6.12323399573677E-17,2.90000000000004;                               355P   1350
100,0.,2.9,-5.4,3.3,-5.4,2.5,-5.4;                                   357P   1351
126,1,1,1,0,1,0,0.,0.,1.,1.,1.,1.,0.,6.283185307,0.,1.,              359P   1352
6.283185307,0.,0.,1.,0.,0.,1.;                                       359P   1353
110,2.9,-5.4,0.4,0.5,-5.4,0.4;                                       361P   1354
126,1,1,1,0,1,0,0.,0.,1.,1.,1.,1.,1.,6.283185307,0.,1.,              363P   1355
4.71238898,0.,0.,1.,0.,0.,1.;                                        363P   1356
124,-6.12323399573677E-17,4.27583144589696E-31,1.,0.5,               365P   1357
-6.98296267768627E-15,-1.,0.,-10.8,1.,-6.98296267768627E-15,         365P   1358
6.12323399573677E-17,-0.500000000000038;                             365P   1359
100,0.,0.5,-5.4,0.9,-5.4,0.5,-5.;                                    367P   1360
126,1,1,1,0,1,0,0.,0.,1.,1.,1.,1.,1.,4.71238898,0.,1.,               369P   1361
3.141592654,0.,0.,1.,0.,0.,1.;                                       369P   1362
124,8.58915688636046E-31,6.12323399573677E-17,1.,0.5,-1.,            371P   1363
1.40271576953299E-14,0.,-4.89999999999992,                           371P   1364
-1.40271576953299E-14,-1.,6.12323399573677E-17,                      371P   1365
-5.39999999999999;                                                   371P   1366
100,0.,0.5,-5.4,0.9,-5.4,0.5,-5.;                                    373P   1367
102,5,349,353,359,363,369;                                           375P   1368
102,5,351,357,361,367,373;                                           377P   1369
142,1,347,375,377,1;                                                 379P   1370
144,347,1,0,379;                                                     381P   1371
128,6,3,3,3,0,0,0,0,0,0.,0.,0.,0.,0.5,0.5,0.5,1.,1.,1.,1.,0.,        383P   1372
0.,0.,0.,1.,1.,1.,1.,1.,0.780588314885163,0.780588314885163,1.,      383P   1373
0.780588314885163,0.780588314885163,1.,0.804737854124365,            383P   1374
0.62816896547524,0.62816896547524,0.804737854124365,                 383P   1375
0.62816896547524,0.62816896547524,0.804737854124365,                 383P   1376
0.804737854124365,0.62816896547524,0.62816896547524,                 383P   1377
0.804737854124365,0.62816896547524,0.62816896547524,                 383P   1378
0.804737854124365,1.,0.780588314885163,0.780588314885163,1.,         383P   1379
0.780588314885163,0.780588314885163,1.,0.5,-5.798001666,             383P   1380
-0.039933367,0.5,-5.823292962,0.212135984,0.5,-5.65333497,0.4,       383P   1381
0.5,-5.4,0.4,0.5,-5.14666503,0.4,0.5,-4.976707038,0.212135984,       383P   1382
0.5,-5.001998334,-0.039933367,-0.026037197,-5.798001666,             383P   1383
-0.039933367,-0.040852495,-5.823292962,0.212135984,0.058706591,      383P   1384
-5.65333497,0.4,0.207106781,-5.4,0.4,0.355506971,-5.14666503,        383P   1385
0.4,0.455066057,-4.976707038,0.212135984,0.440250759,                383P   1386
-5.001998334,-0.039933367,-0.398001666,-5.426037197,                 383P   1387
-0.039933367,-0.423292962,-5.440852495,0.212135984,-0.25333497,      383P   1388
-5.341293409,0.4,0.,-5.192893219,0.4,0.25333497,-5.044493029,        383P   1389
0.4,0.423292962,-4.944933943,0.212135984,0.398001666,                383P   1390
-4.959749241,-0.039933367,-0.398001666,-4.9,-0.039933367,            383P   1391
-0.423292962,-4.9,0.212135984,-0.25333497,-4.9,0.4,0.,-4.9,0.4,      383P   1392
0.25333497,-4.9,0.4,0.423292962,-4.9,0.212135984,0.398001666,        383P   1393
-4.9,-0.039933367,0.,1.,0.,1.;                                       383P   1394
126,1,1,1,0,1,0,0.,0.,1.,1.,1.,1.,0.033007593,1.,0.,                 385P   1395
0.033007593,0.,0.,0.,1.,0.,0.,1.;                                    385P   1396
100,0.,0.5,-4.9,-0.4,-4.9,0.5,-5.8;                                  387P   1397
126,1,1,1,0,1,0,0.,0.,1.,1.,1.,1.,0.033007593,0.,0.,0.5,0.,0.,       389P   1398
0.,1.,0.,0.,1.;                                                      389P   1399
124,8.58915688636046E-31,6.12323399573677E-17,-1.,0.5,-1.,           391P   1400
1.40271576953299E-14,0.,-4.89999999999992,1.40271576953299E-14,      391P   1401
1.,6.12323399573677E-17,5.39999999999999;                            391P   1402
100,0.,0.5,-5.4,0.9,-5.4,0.5,-5.;                                    393P   1403
126,1,1,1,0,1,0,0.,0.,1.,1.,1.,1.,0.5,0.,0.,0.966992407,0.,0.,       395P   1404
0.,1.,0.,0.,1.;                                                      395P   1405
124,6.12323399573677E-17,0.,-1.,0.5,0.,1.,0.,0.,1.,0.,               397P   1406
6.12323399573677E-17,-0.5;                                           397P   1407
100,0.,0.5,-5.4,0.9,-5.4,0.5,-5.;                                    399P   1408
126,1,1,1,0,1,0,0.,0.,1.,1.,1.,1.,0.966992407,0.,0.,                 401P   1409
0.966992407,1.,0.,0.,1.,0.,0.,1.;                                    401P   1410
124,-7.04419501764363E-15,-1.,-4.81482486096809E-31,-4.4,-1.,        403P   1411
7.04419501764363E-15,6.98296267768627E-15,-4.39999999999996,         403P   1412
-6.98296267768627E-15,4.96708333886459E-29,-1.,                      403P   1413
3.58945308277516E-15;                                                403P   1414
100,0.,0.5,-4.9,0.6,-4.9,0.5,-4.8;                                   405P   1415
126,1,1,1,0,1,0,0.,0.,1.,1.,1.,1.,0.966992407,1.,0.,0.5,1.,0.,       407P   1416
0.,1.,0.,0.,1.;                                                      407P   1417
124,1.,0.,0.,0.,0.,6.12323399573677E-17,-1.,-4.9,0.,1.,              409P   1418
6.12323399573677E-17,4.9;                                            409P   1419
100,0.,0.,-4.9,0.4,-4.9,0.,-4.5;                                     411P   1420
126,1,1,1,0,1,0,0.,0.,1.,1.,1.,1.,0.5,1.,0.,0.033007593,1.,0.,       413P   1421
0.,1.,0.,0.,1.;                                                      413P   1422
124,6.12323399573677E-17,-1.,0.,-4.9,6.12323399573677E-17,           415P   1423
3.74939945665464E-33,-1.,-4.9,1.,6.12323399573677E-17,               415P   1424
6.12323399573677E-17,3.00038465791102E-16;                           415P   1425
100,0.,0.,-4.9,0.4,-4.9,0.,-4.5;                                     417P   1426
102,6,385,389,395,401,407,413;                                       419P   1427
102,6,387,393,399,405,411,417;                                       421P   1428
142,1,383,419,421,1;                                                 423P   1429
144,383,1,0,423;                                                     425P   1430
110,0.,-4.9,0.,0.,995.1,0.;                                          427P   1431
110,0.,-4.9,0.4,0.,-0.5,0.4;                                         429P   1432
120,427,429,0.,6.28318530717959;                                     431P   1433
126,1,1,1,0,1,0,0.,0.,1.,1.,1.,1.,1.,3.141592654,0.,0.,              433P   1434
3.141592654,0.,0.,1.,0.,0.,1.;                                       433P   1435
110,0.,-0.5,-0.4,0.,-4.9,-0.4;                                       435P   1436
126,1,1,1,0,1,0,0.,0.,1.,1.,1.,1.,0.,3.141592654,0.,0.,              437P   1437
4.71238898,0.,0.,1.,0.,0.,1.;                                        437P   1438
124,6.12323399573677E-17,-1.,0.,-4.9,6.12323399573677E-17,           439P   1439
3.74939945665464E-33,1.,-4.9,-1.,-6.12323399573677E-17,              439P   1440
6.12323399573677E-17,-3.00038465791102E-16;                          439P   1441
100,0.,0.,-4.9,0.4,-4.9,0.,-4.5;                                     441P   1442
126,1,1,1,0,1,0,0.,0.,1.,1.,1.,1.,0.,4.71238898,0.,0.,               443P   1443
6.283185307,0.,0.,1.,0.,0.,1.;                                       443P   1444
124,-1.,6.98296267768627E-15,0.,3.42165171206627E-14,                445P   1445
-4.27583144589696E-31,-6.12323399573677E-17,1.,-4.9,                 445P   1446
6.98296267768627E-15,1.,6.12323399573677E-17,4.9;                    445P   1447
100,0.,0.,-4.9,0.4,-4.9,0.,-4.5;                                     447P   1448
126,1,1,1,0,1,0,0.,0.,1.,1.,1.,1.,0.,6.283185307,0.,1.,              449P   1449
6.283185307,0.,0.,1.,0.,0.,1.;                                       449P   1450
110,0.,-4.9,0.4,0.,-0.5,0.4;                                         451P   1451
126,1,1,1,0,1,0,0.,0.,1.,1.,1.,1.,1.,6.283185307,0.,1.,              453P   1452
3.141592654,0.,0.,1.,0.,0.,1.;                                       453P   1453
124,6.12323399573677E-17,-1.,0.,-0.5,6.12323399573677E-17,           455P   1454
3.74939945665464E-33,-1.,-0.5,1.,6.12323399573677E-17,               455P   1455
6.12323399573677E-17,3.06161699786838E-17;                           455P   1456
100,0.,0.,-0.5,0.4,-0.5,-0.4,-0.5;                                   457P   1457
102,5,433,437,443,449,453;                                           459P   1458
102,5,435,441,447,451,457;                                           461P   1459
142,1,431,459,461,1;                                                 463P   1460
144,431,1,0,463;                                                     465P   1461
128,6,3,3,3,0,0,0,0,0,0.,0.,0.,0.,0.5,0.5,0.5,1.,1.,1.,1.,0.,        467P   1462
0.,0.,0.,1.,1.,1.,1.,1.,0.780588314885163,0.780588314885163,1.,      467P   1463
0.780588314885163,0.780588314885163,1.,0.804737854124365,            467P   1464
0.62816896547524,0.62816896547524,0.804737854124365,                 467P   1465
0.62816896547524,0.62816896547524,0.804737854124365,                 467P   1466
0.804737854124365,0.62816896547524,0.62816896547524,                 467P   1467
0.804737854124365,0.62816896547524,0.62816896547524,                 467P   1468
0.804737854124365,1.,0.780588314885163,0.780588314885163,1.,         467P   1469
0.780588314885163,0.780588314885163,1.,0.039933367,-0.5,             467P   1470
-0.398001666,-0.212135984,-0.5,-0.423292962,-0.4,-0.5,               467P   1471
-0.25333497,-0.4,-0.5,0.,-0.4,-0.5,0.25333497,-0.212135984,          467P   1472
-0.5,0.423292962,0.039933367,-0.5,0.398001666,0.039933367,           467P   1473
0.026037197,-0.398001666,-0.212135984,0.040852495,-0.423292962,      467P   1474
-0.4,-0.058706591,-0.25333497,-0.4,-0.207106781,0.,-0.4,             467P   1475
-0.355506971,0.25333497,-0.212135984,-0.455066057,0.423292962,       467P   1476
0.039933367,-0.440250759,0.398001666,0.039933367,0.398001666,        467P   1477
-0.026037197,-0.212135984,0.423292962,-0.040852495,-0.4,             467P   1478
0.25333497,0.058706591,-0.4,0.,0.207106781,-0.4,-0.25333497,         467P   1479
0.355506971,-0.212135984,-0.423292962,0.455066057,0.039933367,       467P   1480
-0.398001666,0.440250759,0.039933367,0.398001666,0.5,                467P   1481
-0.212135984,0.423292962,0.5,-0.4,0.25333497,0.5,-0.4,0.,0.5,        467P   1482
-0.4,-0.25333497,0.5,-0.212135984,-0.423292962,0.5,0.039933367,      467P   1483
-0.398001666,0.5,0.,1.,0.,1.;                                        467P   1484
126,1,1,1,0,1,0,0.,0.,1.,1.,1.,1.,0.033007593,1.,0.,                 469P   1485
0.033007593,0.,0.,0.,1.,0.,0.,1.;                                    469P   1486
124,3.74939945665464E-33,-6.12323399573677E-17,-1.,0.5,1.,           471P   1487
6.12323399573677E-17,0.,-0.5,6.12323399573677E-17,-1.,               471P   1488
6.12323399573677E-17,-6.12323399573677E-17;                          471P   1489
100,0.5,0.,-0.5,0.9,-0.5,0.,0.4;                                     473P   1490
126,1,1,1,0,1,0,0.,0.,1.,1.,1.,1.,0.033007593,0.,0.,                 475P   1491
0.966992407,0.,0.,0.,1.,0.,0.,1.;                                    475P   1492
124,6.12323399573677E-17,-1.,0.,-0.5,6.12323399573677E-17,           477P   1493
3.74939945665464E-33,1.,-0.5,-1.,-6.12323399573677E-17,              477P   1494
6.12323399573677E-17,-3.06161699786838E-17;                          477P   1495
100,0.,0.,-0.5,0.4,-0.5,-0.4,-0.5;                                   479P   1496
126,1,1,1,0,1,0,0.,0.,1.,1.,1.,1.,0.966992407,0.,0.,                 481P   1497
0.966992407,1.,0.,0.,1.,0.,0.,1.;                                    481P   1498
124,6.12323399573677E-17,0.,1.,-0.5,0.,1.,0.,0.,-1.,0.,              483P   1499
6.12323399573677E-17,0.5;                                            483P   1500
100,0.5,0.,-0.5,0.1,-0.5,0.,-0.4;                                    485P   1501
126,1,1,1,0,1,0,0.,0.,1.,1.,1.,1.,0.966992407,1.,0.,                 487P   1502
0.033007593,1.,0.,0.,1.,0.,0.,1.;                                    487P   1503
124,6.1785081233402E-17,-1.,6.98296267768627E-15,                    489P   1504
-3.49148133884313E-15,-1.,-6.1785081233402E-17,                      489P   1505
-1.89628075301945E-30,9.48140376509723E-31,                          489P   1506
2.32772366931011E-30,-6.98296267768627E-15,-1.,1.;                   489P   1507
100,0.5,0.,0.,0.4,0.,-0.4,0.;                                        491P   1508
102,4,469,475,481,487;                                               493P   1509
102,4,473,479,485,491;                                               495P   1510
142,1,467,493,495,1;                                                 497P   1511
144,467,1,0,497;                                                     499P   1512
110,0.,0.,0.5,0.,0.,1000.5;                                          501P   1513
110,0.,-0.4,0.5,0.,-0.4,1.2;                                         503P   1514
120,501,503,0.,6.28318530717959;                                     505P   1515
126,1,1,1,0,1,0,0.,0.,1.,1.,1.,1.,1.,3.141592654,0.,0.,              507P   1516
3.141592654,0.,0.,1.,0.,0.,1.;                                       507P   1517
110,0.,0.4,1.2,0.,0.4,0.5;                                           509P   1518
126,1,1,1,0,1,0,0.,0.,1.,1.,1.,1.,0.,3.141592654,0.,0.,              511P   1519
6.283185307,0.,0.,1.,0.,0.,1.;                                       511P   1520
100,0.5,0.,0.,0.,0.4,0.,-0.4;                                        513P   1521
126,1,1,1,0,1,0,0.,0.,1.,1.,1.,1.,0.,6.283185307,0.,1.,              515P   1522
6.283185307,0.,0.,1.,0.,0.,1.;                                       515P   1523
110,0.,-0.4,0.5,0.,-0.4,1.2;                                         517P   1524
126,1,1,1,0,1,0,0.,0.,1.,1.,1.,1.,1.,6.283185307,0.,1.,              519P   1525
3.141592654,0.,0.,1.,0.,0.,1.;                                       519P   1526
124,6.17850812333981E-17,-1.,6.98296267768627E-15,                   521P   1527
-8.04648830583597E-15,-1.,-6.1785081233406E-17,                      521P   1528
-1.08420217248551E-15,1.63410951437016E-15,                          521P   1529
1.08420217248551E-15,-6.98296267768627E-15,-1.,2.4;                  521P   1530
100,1.2,0.,0.,0.4,0.,-0.4,0.;                                        523P   1531
102,4,507,511,515,519;                                               525P   1532
102,4,509,513,517,523;                                               527P   1533
142,1,505,525,527,1;                                                 529P   1534
144,505,1,0,529;                                                     531P   1535
128,3,9,3,3,0,0,0,0,0,0.,0.,0.,0.,0.5,0.5,0.5,0.5,                   533P   1536
0.065904422879112,0.065904422879112,0.065904422879112,               533P   1537
0.065904422879112,0.0668880124436918,0.0668880124436918,             533P   1538
0.0678716020082717,0.0678716020082717,0.0698387811374313,            533P   1539
0.0698387811374313,0.0737731393957507,0.0737731393957507,            533P   1540
0.0737731393957507,0.0737731393957507,1.,0.333333333333333,          533P   1541
0.333333333333333,1.,1.,0.333333333333333,0.333333333333333,1.,      533P   1542
1.,0.333333333333333,0.333333333333333,1.,1.,0.333333333333333,      533P   1543
0.333333333333333,1.,1.,0.333333333333333,0.333333333333333,1.,      533P   1544
1.,0.333333333333333,0.333333333333333,1.,1.,0.333333333333333,      533P   1545
0.333333333333333,1.,1.,0.333333333333333,0.333333333333333,1.,      533P   1546
1.,0.333333333333333,0.333333333333333,1.,1.,0.333333333333333,      533P   1547
0.333333333333333,1.,0.,0.4,1.2,0.8,0.4,1.2,0.8,-0.4,1.2,0.,         533P   1548
-0.4,1.2,-0.000337485,0.4,1.249794903,0.799662515,0.40067497,        533P   1549
1.262371314,0.800337485,-0.39932503,1.262151831,0.000337485,         533P   1550
-0.4,1.249575419,-0.003754098,0.399957389,1.299658017,               533P   1551
0.79506016,0.402730148,1.35065116,0.797874268,-0.39726609,           533P   1552
1.349824747,-0.00093999,-0.400038849,1.298831605,-0.014880829,       533P   1553
0.399756049,1.398083782,0.778754151,0.405502316,1.502115962,         533P   1554
0.784721303,-0.394475723,1.500662167,-0.008913677,-0.40022199,       533P   1555
1.396629988,-0.022929769,0.399597276,1.446754689,0.766713907,        533P   1556
0.406894615,1.577985513,0.774370172,-0.393068965,1.576292061,        533P   1557
-0.015273504,-0.400366304,1.445061237,-0.054581158,0.398895201,      533P   1558
1.589753571,0.71803489,0.410968801,1.804616973,0.731052647,          533P   1559
-0.388930494,1.802492208,-0.041563401,-0.401004095,1.587628806,      533P   1560
-0.085775138,0.398125807,1.681080674,0.66892059,0.413573929,         533P   1561
1.954460949,0.685918379,-0.386253646,1.952444347,-0.06877735,        533P   1562
-0.401701769,1.679064072,-0.207101478,0.394481751,1.930543419,       533P   1563
0.462937343,0.419285892,2.387267365,0.492223456,-0.380220728,        533P   1564
2.387031651,-0.177815365,-0.405024869,1.930307705,-0.33130162,       533P   1565
0.389940132,2.066101755,0.232137235,0.419984054,2.670957576,         533P   1566
0.270055436,-0.379144408,2.674054847,-0.293383419,-0.409188329,      533P   1567
2.069199026,-0.462488469,0.383273397,2.133199725,-0.084203908,       533P   1568
0.410301004,2.837593294,-0.040062423,-0.388450103,2.844535846,       533P   1569
-0.418346983,-0.41547771,2.140142277,0.,0.5,0.065904422879112,       533P   1570
0.0737731393957507;                                                  533P   1571
126,1,1,1,0,1,0,0.,0.,1.,1.,1.,1.,0.5,0.073773139,0.,0.,             535P   1572
0.073773139,0.,0.,1.,0.,0.,1.;                                       535P   1573
124,0.0551768573267783,0.472855700687206,-0.879410598493759,         537P   1574
1.47050826043471,-0.998438883180722,0.0337845089538023,              537P   1575
-0.0444792480555087,-0.360250816326367,0.00867818923355342,          537P   1576
0.88049196094136,0.473981640730171,1.14192802220908;                 537P   1577
100,2.136671001,-0.440417726,-0.016102157,-0.040417726,              539P   1578
-0.016102157,-0.840417726,-0.016102157;                              539P   1579
126,1,1,1,0,1,0,0.,0.,1.,1.,1.,1.,0.,0.073773139,0.,0.,              541P   1580
0.065904423,0.,0.,1.,0.,0.,1.;                                       541P   1581
126,9,3,1,0,0,0,0.065904422879112,0.065904422879112,                 543P   1582
0.065904422879112,0.065904422879112,0.0698387811374313,              543P   1583
0.0698387811374313,0.071805960266591,0.071805960266591,              543P   1584
0.0727895498311709,0.0727895498311709,0.0737731393957507,            543P   1585
0.0737731393957507,0.0737731393957507,0.0737731393957507,1.,1.,      543P   1586
1.,1.,1.,1.,1.,1.,1.,1.,-0.462488469,0.383273397,2.133199725,        543P   1587
-0.33130162,0.389940132,2.066101755,-0.207101478,0.394481751,        543P   1588
1.930543419,-0.085775138,0.398125807,1.681080674,-0.054581158,       543P   1589
0.398895201,1.589753571,-0.022929769,0.399597276,1.446754689,        543P   1590
-0.014880829,0.399756049,1.398083782,-0.003754098,0.399957389,       543P   1591
1.299658017,-0.000337485,0.4,1.249794903,0.,0.4,1.2,                 543P   1592
0.065904422879112,0.0737731393957507,0.059167312,-0.998111532,       543P   1593
0.016510593;                                                         543P   1594
126,1,1,1,0,1,0,0.,0.,1.,1.,1.,1.,0.,0.065904423,0.,0.5,             545P   1595
0.065904423,0.,0.,1.,0.,0.,1.;                                       545P   1596
124,1.38514353414898E-14,1.,-6.98296267768627E-15,                   547P   1597
8.04648830583597E-15,1.,-1.38514353414898E-14,                       547P   1598
-1.08420217248551E-15,1.63410951437016E-15,                          547P   1599
-1.0842021724856E-15,-6.98296267768625E-15,-1.,2.4;                  547P   1600
100,1.2,0.,0.,0.4,0.,-0.4,0.;                                        549P   1601
126,1,1,1,0,1,0,0.,0.,1.,1.,1.,1.,0.5,0.065904423,0.,0.5,            551P   1602
0.073773139,0.,0.,1.,0.,0.,1.;                                       551P   1603
126,9,3,1,0,0,0,0.065904422879112,0.065904422879112,                 553P   1604
0.065904422879112,0.065904422879112,0.0668880124436918,              553P   1605
0.0668880124436918,0.0678716020082717,0.0678716020082717,            553P   1606
0.0698387811374313,0.0698387811374313,0.0737731393957507,            553P   1607
0.0737731393957507,0.0737731393957507,0.0737731393957507,1.,1.,      553P   1608
1.,1.,1.,1.,1.,1.,1.,1.,0.,-0.4,1.2,0.000337485,-0.4,                553P   1609
1.249575419,-0.00093999,-0.400038849,1.298831605,-0.008913677,       553P   1610
-0.40022199,1.396629988,-0.015273504,-0.400366304,1.445061237,       553P   1611
-0.041563401,-0.401004095,1.587628806,-0.06877735,-0.401701769,      553P   1612
1.679064072,-0.177815365,-0.405024869,1.930307705,-0.293383419,      553P   1613
-0.409188329,2.069199026,-0.418346983,-0.41547771,2.140142277,       553P   1614
0.065904422879112,0.0737731393957507,-0.030684887,0.999529086,       553P   1615
0.000208887;                                                         553P   1616
102,4,535,541,545,551;                                               555P   1617
102,4,539,543,549,553;                                               557P   1618
142,1,533,555,557,1;                                                 559P   1619
144,533,1,0,559;                                                     561P   1620
128,3,9,3,3,0,0,0,0,0,0.,0.,0.,0.,0.5,0.5,0.5,0.5,                   563P   1621
0.0737731393957507,0.0737731393957507,0.0737731393957507,            563P   1622
0.0737731393957507,0.0763190601025763,0.0763190601025763,            563P   1623
0.0788649808094019,0.0788649808094019,0.0814109015162275,            563P   1624
0.0814109015162275,0.0839568222230531,0.0839568222230531,            563P   1625
0.0839568222230531,0.0839568222230531,1.,0.333333333333333,          563P   1626
0.333333333333333,1.,1.,0.333333333333333,0.333333333333333,1.,      563P   1627
1.,0.333333333333333,0.333333333333333,1.,1.,0.333333333333333,      563P   1628
0.333333333333333,1.,1.,0.333333333333333,0.333333333333333,1.,      563P   1629
1.,0.333333333333333,0.333333333333333,1.,1.,0.333333333333333,      563P   1630
0.333333333333333,1.,1.,0.333333333333333,0.333333333333333,1.,      563P   1631
1.,0.333333333333333,0.333333333333333,1.,1.,0.333333333333333,      563P   1632
0.333333333333333,1.,-0.462488469,0.383273397,2.133199725,           563P   1633
-0.084203908,0.410301004,2.837593294,-0.040062423,-0.388450103,      563P   1634
2.844535846,-0.418346983,-0.41547771,2.140142277,-0.548981888,       563P   1635
0.379005786,2.19216119,-0.300076404,0.377707792,2.967114019,         563P   1636
-0.263941974,-0.421662812,2.953672964,-0.512847458,                  563P   1637
-0.420364818,2.178720135,-0.638662426,0.373464838,2.221619018,       563P   1638
-0.535205591,0.343558416,3.024703307,-0.501170683,-0.455328347,      563P   1639
2.990221415,-0.604627518,-0.425421925,2.187137126,-0.841769696,      563P   1640
0.362793307,2.239099226,-0.9885859,0.274503725,3.031054018,          563P   1641
-0.948859536,-0.52068465,2.949416455,-0.802043332,-0.432395068,      563P   1642
2.157461663,-0.951731379,0.357865151,2.224477279,-1.196910409,       563P   1643
0.240782609,2.981731267,-1.148971194,-0.551107005,2.874667363,       563P   1644
-0.903792164,-0.434024463,2.117413374,-1.178318503,0.351904159,      563P   1645
2.156123641,-1.565618573,0.177114406,2.839279577,-1.49209859,        563P   1646
-0.604142843,2.680906834,-1.10479852,-0.429353089,1.997750897,       563P   1647
-1.294816409,0.350857075,2.102608724,-1.729026314,0.146967359,       563P   1648
2.745509439,-1.638189715,-0.626911257,2.561366952,-1.20397981,       563P   1649
-0.423021541,1.918466237,-1.525299752,0.354155265,1.968139271,       563P   1650
-2.028541706,0.09309931,2.535614338,-1.898425217,-0.662054336,       563P   1651
2.303535636,-1.395183263,-0.400998381,1.736060568,-1.640610085,      563P   1652
0.355386382,1.894685956,-2.158636836,0.053429646,2.425968962,        563P   1653
-2.004015592,-0.684175875,2.156801868,-1.485988841,                  563P   1654
-0.382219139,1.625518861,-1.748558885,0.365735394,1.798424445,       563P   1655
-2.289640869,0.05100276,2.296594752,-2.115924971,-0.680468029,       563P   1656
2.023147734,-1.574842987,-0.365735394,1.524977426,0.,0.5,            563P   1657
0.0737731393957507,0.0839568222230531;                               563P   1658
126,1,1,1,0,1,0,0.,0.,1.,1.,1.,1.,0.5,0.083956822,0.,0.,             565P   1659
0.083956822,0.,0.,1.,0.,0.,1.;                                       565P   1660
124,0.217144872636754,-0.676352480518651,-0.703843325168205,         567P   1661
-0.131293985645796,-0.914338485843593,-0.39341579286158,             567P   1662
0.0959643018644943,-1.67882108776413,-0.341808773428671,             567P   1663
0.622712884099376,-0.703843325168197,2.26329408920173;               567P   1664
100,1.661700936,-1.661700936,0.,-1.261700936,0.,-2.061700936,        569P   1665
0.;                                                                  569P   1666
126,1,1,1,0,1,0,0.,0.,1.,1.,1.,1.,0.,0.083956822,0.,0.,              571P   1667
0.073773139,0.,0.,1.,0.,0.,1.;                                       571P   1668
126,9,3,1,0,0,0,0.0737731393957507,0.0737731393957507,               573P   1669
0.0737731393957507,0.0737731393957507,0.0763190601025763,            573P   1670
0.0763190601025763,0.0788649808094019,0.0788649808094019,            573P   1671
0.0814109015162275,0.0814109015162275,0.0839568222230531,            573P   1672
0.0839568222230531,0.0839568222230531,0.0839568222230531,1.,1.,      573P   1673
1.,1.,1.,1.,1.,1.,1.,1.,-1.748558885,0.365735394,1.798424445,        573P   1674
-1.640610085,0.355386382,1.894685956,-1.525299752,0.354155265,       573P   1675
1.968139271,-1.294816409,0.350857075,2.102608724,-1.178318503,       573P   1676
0.351904159,2.156123641,-0.951731379,0.357865151,2.224477279,        573P   1677
-0.841769696,0.362793307,2.239099226,-0.638662426,0.373464838,       573P   1678
2.221619018,-0.548981888,0.379005786,2.19216119,-0.462488469,        573P   1679
0.383273397,2.133199725,0.0737731393957507,0.0839568222230531,       573P   1680
0.150467672,-0.950760006,-0.270951824;                               573P   1681
126,1,1,1,0,1,0,0.,0.,1.,1.,1.,1.,0.,0.073773139,0.,0.5,             575P   1682
0.073773139,0.,0.,1.,0.,0.,1.;                                       575P   1683
124,-0.0551768573267719,0.472855700687213,0.879410598493756,         577P   1684
-2.33611571946216,0.998438883180722,0.0337845089537888,              577P   1685
0.0444792480555085,0.3291345098756,-0.00867818923354128,             577P   1686
0.880491960941357,-0.473981640730177,3.15976961912914;               577P   1687
100,2.136671001,-0.440417726,-0.016102157,-0.040417726,              579P   1688
-0.016102157,-0.840417726,-0.016102157;                              579P   1689
126,1,1,1,0,1,0,0.,0.,1.,1.,1.,1.,0.5,0.073773139,0.,0.5,            581P   1690
0.083956822,0.,0.,1.,0.,0.,1.;                                       581P   1691
126,9,3,1,0,0,0,0.0737731393957507,0.0737731393957507,               583P   1692
0.0737731393957507,0.0737731393957507,0.0763190601025763,            583P   1693
0.0763190601025763,0.0788649808094019,0.0788649808094019,            583P   1694
0.0814109015162275,0.0814109015162275,0.0839568222230531,            583P   1695
0.0839568222230531,0.0839568222230531,0.0839568222230531,1.,1.,      583P   1696
1.,1.,1.,1.,1.,1.,1.,1.,-0.418346983,-0.41547771,2.140142277,        583P   1697
-0.512847458,-0.420364818,2.178720135,-0.604627518,                  583P   1698
-0.425421925,2.187137126,-0.802043332,-0.432395068,2.157461663,      583P   1699
-0.903792164,-0.434024463,2.117413374,-1.10479852,-0.429353089,      583P   1700
1.997750897,-1.20397981,-0.423021541,1.918466237,-1.395183263,       583P   1701
-0.400998381,1.736060568,-1.485988841,-0.382219139,1.625518861,      583P   1702
-1.574842987,-0.365735394,1.524977426,0.0737731393957507,            583P   1703
0.0839568222230531,-0.043093032,0.998850854,0.02097525;              583P   1704
102,4,565,571,575,581;                                               585P   1705
102,4,569,573,579,583;                                               587P   1706
142,1,563,585,587,1;                                                 589P   1707
144,563,1,0,589;                                                     591P   1708
128,3,155,3,3,0,0,0,0,0,0.,0.,0.,0.,0.5,0.5,0.5,0.5,                 593P   1709
0.0839568222230531,0.0839568222230531,0.0839568222230531,            593P   1710
0.0839568222230531,0.0855591598679059,0.0855591598679059,            593P   1711
0.0871614975127587,0.0871614975127587,0.0903661728024643,            593P   1712
0.0903661728024643,0.0967755233818755,0.0967755233818755,            593P   1713
0.109594224540698,0.109594224540698,0.12241292569952,                593P   1714
0.12241292569952,0.135231626858342,0.135231626858342,                593P   1715
0.147028845641953,0.147028845641953,0.158826064425564,               593P   1716
0.158826064425564,0.170623283209174,0.170623283209174,               593P   1717
0.182420501992785,0.182420501992785,0.194601801820529,               593P   1718
0.194601801820529,0.206783101648272,0.206783101648272,               593P   1719
0.218964401476016,0.218964401476016,0.23114570130376,                593P   1720
0.23114570130376,0.243705005184899,0.243705005184899,                593P   1721
0.256264309066038,0.256264309066038,0.268823612947178,               593P   1722
0.268823612947178,0.281382916828317,0.281382916828317,               593P   1723
0.294315483857679,0.294315483857679,0.307248050887041,               593P   1724
0.307248050887041,0.320180617916403,0.320180617916403,               593P   1725
0.333113184945766,0.333113184945766,0.344718120990175,               593P   1726
0.344718120990175,0.356323057034584,0.356323057034584,               593P   1727
0.367927993078992,0.367927993078992,0.379532929123401,               593P   1728
0.379532929123401,0.391390915728667,0.391390915728667,               593P   1729
0.403248902333932,0.403248902333932,0.415106888939197,               593P   1730
0.415106888939197,0.426964875544462,0.426964875544462,               593P   1731
0.43905080533104,0.43905080533104,0.451136735117618,                 593P   1732
0.451136735117618,0.463222664904197,0.463222664904197,               593P   1733
0.475308594690775,0.475308594690775,0.487589958420516,               593P   1734
0.487589958420516,0.499871322150257,0.499871322150257,               593P   1735
0.512152685879998,0.512152685879998,0.524434049609739,               593P   1736
0.524434049609739,0.536876167828323,0.536876167828323,               593P   1737
0.549318286046908,0.549318286046908,0.561760404265493,               593P   1738
0.561760404265493,0.574202522484078,0.574202522484078,               593P   1739
0.586759857259548,0.586759857259548,0.599317192035018,               593P   1740
0.599317192035018,0.611874526810488,0.611874526810488,               593P   1741
0.624431861585958,0.624431861585958,0.637059978185551,               593P   1742
0.637059978185551,0.649688094785144,0.649688094785144,               593P   1743
0.662316211384738,0.662316211384738,0.674944327984331,               593P   1744
0.674944327984331,0.687590965478829,0.687590965478829,               593P   1745
0.700237602973328,0.700237602973328,0.712884240467826,               593P   1746
0.712884240467826,0.725530877962325,0.725530877962325,               593P   1747
0.738147706009838,0.738147706009838,0.750764534057351,               593P   1748
0.750764534057351,0.763381362104865,0.763381362104865,               593P   1749
0.775998190152378,0.775998190152378,0.788533953420496,               593P   1750
0.788533953420496,0.801069716688614,0.801069716688614,               593P   1751
0.813605479956732,0.813605479956732,0.82614124322485,                593P   1752
0.82614124322485,0.838551453398247,0.838551453398247,                593P   1753
0.850961663571644,0.850961663571644,0.863371873745041,               593P   1754
0.863371873745041,0.875782083918438,0.875782083918438,               593P   1755
0.888023038938797,0.888023038938797,0.900263993959155,               593P   1756
0.900263993959155,0.912504948979513,0.912504948979513,               593P   1757
0.924745903999871,0.924745903999871,0.936784183500168,               593P   1758
0.936784183500168,0.948822463000466,0.948822463000466,               593P   1759
0.960860742500763,0.960860742500763,0.97289902200106,                593P   1760
0.97289902200106,0.98644951100053,0.98644951100053,1.,1.,1.,1.,      593P   1761
1.,0.333333333333333,0.333333333333333,1.,1.,0.333333333333333,      593P   1762
0.333333333333333,1.,1.,0.333333333333333,0.333333333333333,1.,      593P   1763
1.,0.333333333333333,0.333333333333333,1.,1.,0.333333333333333,      593P   1764
0.333333333333333,1.,1.,0.333333333333333,0.333333333333333,1.,      593P   1765
1.,0.333333333333333,0.333333333333333,1.,1.,0.333333333333333,      593P   1766
0.333333333333333,1.,1.,0.333333333333333,0.333333333333333,1.,      593P   1767
1.,0.333333333333333,0.333333333333333,1.,1.,0.333333333333333,      593P   1768
0.333333333333333,1.,1.,0.333333333333333,0.333333333333333,1.,      593P   1769
1.,0.333333333333333,0.333333333333333,1.,1.,0.333333333333333,      593P   1770
0.333333333333333,1.,1.,0.333333333333333,0.333333333333333,1.,      593P   1771
1.,0.333333333333333,0.333333333333333,1.,1.,0.333333333333333,      593P   1772
0.333333333333333,1.,1.,0.333333333333333,0.333333333333333,1.,      593P   1773
1.,0.333333333333333,0.333333333333333,1.,1.,0.333333333333333,      593P   1774
0.333333333333333,1.,1.,0.333333333333333,0.333333333333333,1.,      593P   1775
1.,0.333333333333333,0.333333333333333,1.,1.,0.333333333333333,      593P   1776
0.333333333333333,1.,1.,0.333333333333333,0.333333333333333,1.,      593P   1777
1.,0.333333333333333,0.333333333333333,1.,1.,0.333333333333333,      593P   1778
0.333333333333333,1.,1.,0.333333333333333,0.333333333333333,1.,      593P   1779
1.,0.333333333333333,0.333333333333333,1.,1.,0.333333333333333,      593P   1780
0.333333333333333,1.,1.,0.333333333333333,0.333333333333333,1.,      593P   1781
1.,0.333333333333333,0.333333333333333,1.,1.,0.333333333333333,      593P   1782
0.333333333333333,1.,1.,0.333333333333333,0.333333333333333,1.,      593P   1783
1.,0.333333333333333,0.333333333333333,1.,1.,0.333333333333333,      593P   1784
0.333333333333333,1.,1.,0.333333333333333,0.333333333333333,1.,      593P   1785
1.,0.333333333333333,0.333333333333333,1.,1.,0.333333333333333,      593P   1786
0.333333333333333,1.,1.,0.333333333333333,0.333333333333333,1.,      593P   1787
1.,0.333333333333333,0.333333333333333,1.,1.,0.333333333333333,      593P   1788
0.333333333333333,1.,1.,0.333333333333333,0.333333333333333,1.,      593P   1789
1.,0.333333333333333,0.333333333333333,1.,1.,0.333333333333333,      593P   1790
0.333333333333333,1.,1.,0.333333333333333,0.333333333333333,1.,      593P   1791
1.,0.333333333333333,0.333333333333333,1.,1.,0.333333333333333,      593P   1792
0.333333333333333,1.,1.,0.333333333333333,0.333333333333333,1.,      593P   1793
1.,0.333333333333333,0.333333333333333,1.,1.,0.333333333333333,      593P   1794
0.333333333333333,1.,1.,0.333333333333333,0.333333333333333,1.,      593P   1795
1.,0.333333333333333,0.333333333333333,1.,1.,0.333333333333333,      593P   1796
0.333333333333333,1.,1.,0.333333333333333,0.333333333333333,1.,      593P   1797
1.,0.333333333333333,0.333333333333333,1.,1.,0.333333333333333,      593P   1798
0.333333333333333,1.,1.,0.333333333333333,0.333333333333333,1.,      593P   1799
1.,0.333333333333333,0.333333333333333,1.,1.,0.333333333333333,      593P   1800
0.333333333333333,1.,1.,0.333333333333333,0.333333333333333,1.,      593P   1801
1.,0.333333333333333,0.333333333333333,1.,1.,0.333333333333333,      593P   1802
0.333333333333333,1.,1.,0.333333333333333,0.333333333333333,1.,      593P   1803
1.,0.333333333333333,0.333333333333333,1.,1.,0.333333333333333,      593P   1804
0.333333333333333,1.,1.,0.333333333333333,0.333333333333333,1.,      593P   1805
1.,0.333333333333333,0.333333333333333,1.,1.,0.333333333333333,      593P   1806
0.333333333333333,1.,1.,0.333333333333333,0.333333333333333,1.,      593P   1807
1.,0.333333333333333,0.333333333333333,1.,1.,0.333333333333333,      593P   1808
0.333333333333333,1.,1.,0.333333333333333,0.333333333333333,1.,      593P   1809
1.,0.333333333333333,0.333333333333333,1.,1.,0.333333333333333,      593P   1810
0.333333333333333,1.,1.,0.333333333333333,0.333333333333333,1.,      593P   1811
1.,0.333333333333333,0.333333333333333,1.,1.,0.333333333333333,      593P   1812
0.333333333333333,1.,1.,0.333333333333333,0.333333333333333,1.,      593P   1813
1.,0.333333333333333,0.333333333333333,1.,1.,0.333333333333333,      593P   1814
0.333333333333333,1.,1.,0.333333333333333,0.333333333333333,1.,      593P   1815
1.,0.333333333333333,0.333333333333333,1.,1.,0.333333333333333,      593P   1816
0.333333333333333,1.,1.,0.333333333333333,0.333333333333333,1.,      593P   1817
1.,0.333333333333333,0.333333333333333,1.,1.,0.333333333333333,      593P   1818
0.333333333333333,1.,1.,0.333333333333333,0.333333333333333,1.,      593P   1819
1.,0.333333333333333,0.333333333333333,1.,1.,0.333333333333333,      593P   1820
0.333333333333333,1.,1.,0.333333333333333,0.333333333333333,1.,      593P   1821
1.,0.333333333333333,0.333333333333333,1.,1.,0.333333333333333,      593P   1822
0.333333333333333,1.,1.,0.333333333333333,0.333333333333333,1.,      593P   1823
1.,0.333333333333333,0.333333333333333,1.,1.,0.333333333333333,      593P   1824
0.333333333333333,1.,1.,0.333333333333333,0.333333333333333,1.,      593P   1825
1.,0.333333333333333,0.333333333333333,1.,1.,0.333333333333333,      593P   1826
0.333333333333333,1.,1.,0.333333333333333,0.333333333333333,1.,      593P   1827
1.,0.333333333333333,0.333333333333333,1.,1.,0.333333333333333,      593P   1828
0.333333333333333,1.,1.,0.333333333333333,0.333333333333333,1.,      593P   1829
1.,0.333333333333333,0.333333333333333,1.,1.,0.333333333333333,      593P   1830
0.333333333333333,1.,1.,0.333333333333333,0.333333333333333,1.,      593P   1831
1.,0.333333333333333,0.333333333333333,1.,1.,0.333333333333333,      593P   1832
0.333333333333333,1.,1.,0.333333333333333,0.333333333333333,1.,      593P   1833
1.,0.333333333333333,0.333333333333333,1.,1.,0.333333333333333,      593P   1834
0.333333333333333,1.,1.,0.333333333333333,0.333333333333333,1.,      593P   1835
1.,0.333333333333333,0.333333333333333,1.,1.,0.333333333333333,      593P   1836
0.333333333333333,1.,1.,0.333333333333333,0.333333333333333,1.,      593P   1837
1.,0.333333333333333,0.333333333333333,1.,1.,0.333333333333333,      593P   1838
0.333333333333333,1.,1.,0.333333333333333,0.333333333333333,1.,      593P   1839
1.,0.333333333333333,0.333333333333333,1.,1.,0.333333333333333,      593P   1840
0.333333333333333,1.,1.,0.333333333333333,0.333333333333333,1.,      593P   1841
1.,0.333333333333333,0.333333333333333,1.,1.,0.333333333333333,      593P   1842
0.333333333333333,1.,1.,0.333333333333333,0.333333333333333,1.,      593P   1843
1.,0.333333333333333,0.333333333333333,1.,1.,0.333333333333333,      593P   1844
0.333333333333333,1.,1.,0.333333333333333,0.333333333333333,1.,      593P   1845
1.,0.333333333333333,0.333333333333333,1.,1.,0.333333333333333,      593P   1846
0.333333333333333,1.,1.,0.333333333333333,0.333333333333333,1.,      593P   1847
1.,0.333333333333333,0.333333333333333,1.,1.,0.333333333333333,      593P   1848
0.333333333333333,1.,1.,0.333333333333333,0.333333333333333,1.,      593P   1849
1.,0.333333333333333,0.333333333333333,1.,1.,0.333333333333333,      593P   1850
0.333333333333333,1.,1.,0.333333333333333,0.333333333333333,1.,      593P   1851
1.,0.333333333333333,0.333333333333333,1.,1.,0.333333333333333,      593P   1852
0.333333333333333,1.,1.,0.333333333333333,0.333333333333333,1.,      593P   1853
1.,0.333333333333333,0.333333333333333,1.,1.,0.333333333333333,      593P   1854
0.333333333333333,1.,1.,0.333333333333333,0.333333333333333,1.,      593P   1855
1.,0.333333333333333,0.333333333333333,1.,1.,0.333333333333333,      593P   1856
0.333333333333333,1.,1.,0.333333333333333,0.333333333333333,1.,      593P   1857
1.,0.333333333333333,0.333333333333333,1.,1.,0.333333333333333,      593P   1858
0.333333333333333,1.,1.,0.333333333333333,0.333333333333333,1.,      593P   1859
1.,0.333333333333333,0.333333333333333,1.,1.,0.333333333333333,      593P   1860
0.333333333333333,1.,1.,0.333333333333333,0.333333333333333,1.,      593P   1861
1.,0.333333333333333,0.333333333333333,1.,1.,0.333333333333333,      593P   1862
0.333333333333333,1.,1.,0.333333333333333,0.333333333333333,1.,      593P   1863
1.,0.333333333333333,0.333333333333333,1.,1.,0.333333333333333,      593P   1864
0.333333333333333,1.,1.,0.333333333333333,0.333333333333333,1.,      593P   1865
-1.748558885,0.365735394,1.798424445,-2.289640869,0.05100276,        593P   1866
2.296594752,-2.115924971,-0.680468029,2.023147734,-1.574842987,      593P   1867
-0.365735394,1.524977426,-1.81649911,0.372248799,1.737839902,        593P   1868
-2.372091471,0.04947534,2.21516992,-2.186357884,-0.678134405,        593P   1869
1.939029226,-1.630765523,-0.355360945,1.461699208,-1.878898329,      593P   1870
0.382644873,1.664178158,-2.456527931,0.068056943,2.120382471,        593P   1871
-2.262618407,-0.663476135,1.860761916,-1.684988805,                  593P   1872
-0.348888205,1.404557603,-1.997341603,0.399509771,1.519734133,       593P   1873
-2.60715191,0.08486665,1.931893077,-2.394501708,-0.646642986,        593P   1874
1.687316044,-1.784691401,-0.331999865,1.275157101,-2.052555647,      593P   1875
0.407936556,1.444237071,-2.677078783,0.09322157,1.833672104,         593P   1876
-2.455522674,-0.638257053,1.597040447,-1.830999538,                  593P   1877
-0.323542067,1.207605413,-2.205394317,0.433264749,1.208993618,       593P   1878
-2.870310125,0.118405537,1.52787903,-2.623418844,-0.613009605,       593P   1879
1.316580443,-1.958503036,-0.298150392,0.997695031,-2.290178767,      593P   1880
0.450287666,1.040122391,-2.977505276,0.13572497,1.307911216,         593P   1881
-2.7155825,-0.595815885,1.115972366,-2.028255991,-0.281253189,       593P   1882
0.84818354,-2.484273779,0.501258049,0.510725369,-3.220285267,        593P   1883
0.18693091,0.619346956,-2.919835695,-0.544715467,0.489701371,        593P   1884
-2.183824207,-0.230388328,0.381079784,-2.532563342,0.535108339,      593P   1885
0.12901184,-3.276119351,0.220562606,0.124879253,-2.959423854,        593P   1886
-0.510988273,0.042217744,-2.215867845,-0.196442539,0.046350331,      593P   1887
-2.4242992,0.636035513,-0.983346745,-3.118230489,0.321264087,        593P   1888
-1.310003852,-2.785769214,-0.41019121,-1.249793757,                  593P   1889
-2.091837925,-0.095419784,-0.92313665,-2.002666845,0.70327655,       593P   1890
-1.68037041,-2.560845936,0.388972012,-2.205640011,-2.263971726,      593P   1891
-0.342684303,-2.045860641,-1.705792635,-0.028379765,                 593P   1892
-1.52059104,-0.77377128,0.836461267,-2.497532449,-0.960932678,       593P   1893
0.521403002,-3.240478136,-0.796686547,-0.209927012,                  593P   1894
-2.945242083,-0.609525149,0.105131253,-2.202296396,0.022388358,      593P   1895
0.902905818,-2.612603736,0.071021468,0.588165039,-3.377253209,       593P   1896
0.137114682,-0.143305299,-3.046307204,0.088481572,0.17143548,        593P   1897
-2.281657731,1.4252634,1.035230719,-2.190512565,1.877697994,         593P   1898
0.72046388,-2.808849467,1.7553724,-0.010988366,-2.494275966,         593P   1899
1.302937806,0.303778473,-1.875939064,2.016244786,1.100692453,        593P   1900
-1.660213863,2.632231542,0.785260818,-2.115855748,2.421056485,       593P   1901
0.05409177,-1.85167423,1.805069729,0.369523405,-1.396032345,         593P   1902
2.568141937,1.227040393,-0.377750522,3.327347036,0.913109885,        593P   1903
-0.444647198,3.012705816,0.181295137,-0.330341154,2.253500717,       593P   1904
0.495225645,-0.263444478,2.573047226,1.286532941,0.334984402,        593P   1905
3.321516987,0.971288063,0.472899682,2.986762962,0.240039355,         593P   1906
0.498957705,2.2382932,0.555284234,0.361042426,2.070791633,           593P   1907
1.406539465,1.562619932,2.651168635,1.09253119,2.055740901,          593P   1908
2.348963811,0.360749193,1.912104881,1.768586809,0.674757468,         593P   1909
1.418983912,1.569849312,1.46580225,2.063839856,1.997609301,          593P   1910
1.150602241,2.692689861,1.743951928,0.419334426,2.47312016,          593P   1911
1.316191939,0.734534435,1.844270156,0.357545533,1.58457272,          593P   1912
2.567706588,0.418831471,1.270533829,3.32626153,0.306924828,          593P   1913
0.538764791,3.011148037,0.245638889,0.852803682,2.252593095,         593P   1914
-0.346549564,1.643543598,2.568385172,-0.48781533,1.328311325,        593P   1915
3.315291051,-0.512275492,0.59705719,2.980835892,-0.371009727,        593P   1916
0.912289463,2.233930014,-1.551511397,1.76133815,2.075266845,         593P   1917
-2.041413996,1.447317724,2.657145199,-1.899312716,0.71554096,        593P   1918
2.354653613,-1.409410117,1.029561387,1.772775259,-2.048236927,       593P   1919
1.819781907,1.585864655,-2.672525561,1.50443729,2.018969615,         593P   1920
-2.45535262,0.773230809,1.763477016,-1.831063985,1.088575425,        593P   1921
1.330372056,-2.567367102,1.938626993,0.379559345,-3.326371212,       593P   1922
1.624694265,0.447004219,-3.011875368,0.892880473,0.332486674,        593P   1923
-2.252871258,1.206813201,0.2650418,-2.572725123,1.998403825,         593P   1924
-0.336117113,-3.321079753,1.683162035,-0.474368687,                  593P   1925
-2.986339978,0.951912012,-0.500271708,-2.237985347,1.267153801,      593P   1926
-0.362020135,-2.070740524,2.118287144,-1.562399192,                  593P   1927
-2.651107756,1.804276691,-2.055447728,-2.348912868,1.072495619,      593P   1928
-1.911840647,-1.768545636,1.386506071,-1.418792111,                  593P   1929
-1.571243579,2.177431373,-2.063287954,-1.9994235,1.862230423,        593P   1930
-2.691997549,-1.745602978,1.130963017,-2.472534241,                  593P   1931
-1.317423057,1.446163967,-1.843824646,-0.355972749,2.296490498,      593P   1932
-2.568332682,-0.41678479,1.982452719,-3.327047133,-0.30506217,       593P   1933
1.250683198,-3.011813179,-0.244250128,1.564720977,-2.253098728,      593P   1934
0.344290093,2.35509271,-2.569145526,0.484892159,2.039855892,         593P   1935
-3.316314386,0.509662822,1.308603698,-2.981817634,0.369060757,       593P   1936
1.623840517,-2.234648774,1.552695552,2.473213334,-2.074946407,       593P   1937
2.042950716,2.15919637,-2.656709011,1.900687575,1.427418131,         593P   1938
-2.35423051,1.410432411,1.741435096,-1.772467906,2.04790049,         593P   1939
2.531470779,-1.586632163,2.672101597,2.216125264,-2.019969864,       593P   1940
2.454991363,1.484919168,-1.764387732,1.830790256,1.800264683,        593P   1941
-1.331050031,2.567324377,2.650380694,-0.379673338,3.326317628,       593P   1942
2.336447833,-0.447152672,3.011830172,1.604634099,-0.332621639,       593P   1943
2.252836921,1.91856696,-0.265142305,2.572377855,2.71017265,          593P   1944
0.336033736,3.320636045,2.394925499,0.474238069,2.985936633,         593P   1945
1.663677745,0.500148381,2.237678443,1.978924896,0.361944048,         593P   1946
2.072095259,2.82980697,1.560019587,2.652896117,2.515799395,          593P   1947
2.052402708,2.350595585,1.784017124,1.909128788,1.769794727,         593P   1948
2.098024698,1.416745667,1.570991994,2.889205049,2.062966485,         593P   1949
1.999119789,2.573998243,2.691567675,1.74533056,1.842733317,          593P   1950
2.472138463,1.317202765,2.157940122,1.843537273,0.35898335,          593P   1951
3.0079759,2.567506586,0.420681603,2.693941321,3.326033985,           593P   1952
0.308605091,1.962170467,3.010983484,0.246906838,2.276205045,         593P   1953
2.252456085,-0.344449829,3.066881348,2.568821484,-0.485082418,       593P   1954
2.751641106,3.31589531,-0.509828136,2.02039036,2.981431668,          593P   1955
-0.369195547,2.335630602,2.234357842,-1.550839764,3.184788332,       593P   1956
2.075963717,-2.040573628,2.870773074,2.658053406,-1.898569868,       593P   1957
2.138994129,2.355496896,-1.408836004,2.453009387,1.773407207,        593P   1958
-2.047793372,3.243209473,1.586898975,-2.671966962,2.927863648,       593P   1959
2.020317434,-2.454877268,2.196657687,1.764703921,-1.830703678,       593P   1960
2.512003512,1.331285461,-2.567099283,3.362095403,0.38017794,         593P   1961
-3.326033832,3.048161949,0.447810353,-3.011588102,2.316348469,       593P   1962
0.333220555,-2.252653552,2.630281923,0.265588142,-2.572916306,       593P   1963
3.421731666,-0.333807167,-3.321374017,3.106477105,-0.471344639,      593P   1964
-2.986657143,2.375232505,-0.497558609,-2.238199432,2.690487066,      593P   1965
-0.360021138,-2.072535905,3.54154308,-1.559848932,-2.653465008,      593P   1966
3.227540478,-2.052205197,-2.351118565,2.495756104,-1.908958965,      593P   1967
-1.770189462,2.809758706,-1.416602699,-1.573826795,3.600671747,      593P   1968
-2.061238108,-2.002842489,3.28545433,-2.689361187,-1.74872418,       593P   1969
2.554193921,-2.470225039,-1.319708486,2.869411339,-1.84210196,       593P   1970
-0.359688679,3.719691639,-2.567759666,-0.42156942,3.405664226,       593P   1971
-3.32638517,-0.309408069,2.67389034,-3.011321105,-0.247527328,       593P   1972
2.987917754,-2.252695601,0.34136681,3.77835794,-2.569669729,         593P   1973
0.481082247,3.463108856,-3.317048859,0.506249568,2.731861876,        593P   1974
-2.982549576,0.366534131,3.04711096,-2.235170446,1.551233972,        593P   1975
3.896578389,-2.076213044,2.041106853,3.58256923,-2.658364889,        593P   1976
1.899053132,2.850787701,-2.355773008,1.409180251,3.16479686,         593P   1977
-1.773621163,2.047194474,3.954838031,-1.588279117,2.671212468,       593P   1978
3.639490589,-2.022116006,2.454234757,2.908285323,-1.766341331,       593P   1979
1.830216762,3.223632764,-1.332504442,2.533767652,4.066228559,        593P   1980
-0.457641631,3.284052736,3.752204442,-0.548755077,2.975856064,       593P   1981
3.02042996,-0.425112352,2.22557098,3.334454078,-0.333998907,         593P   1982
2.568945693,4.118399142,0.154315096,3.318656022,3.803692802,         593P   1983
0.240970201,2.989788053,3.07220831,0.289200768,2.240077724,          593P   1984
3.38691465,0.202545664,2.243416318,4.222689918,1.262242589,          593P   1985
2.879902518,3.9078904,1.667706941,2.562903259,3.176451374,           593P   1986
1.56741581,1.926417059,3.491250892,1.161951459,1.881654417,          593P   1987
4.27491422,1.754713665,2.403401102,3.960567108,2.29965218,           593P   1988
2.119768485,3.228929778,2.127324945,1.5980218,3.543276891,           593P   1989
1.58238643,0.931281332,4.378508367,2.398690615,1.165895133,          593P   1990
4.063532922,3.115446174,0.9844879,3.332166431,2.836821352,           593P   1991
0.7498741,3.647141875,2.120065794,0.343229762,4.430430954,           593P   1992
2.549550741,0.401727009,4.115983547,3.301626518,0.291442009,         593P   1993
3.384392804,2.988531476,0.232944763,3.698840212,2.2364557,           593P   1994
-0.793946848,4.533540428,2.446514565,-1.06606292,4.218884808,        593P   1995
3.14997868,-1.030152959,3.487378489,2.819788914,-0.758036887,        593P   1996
3.802034109,2.116324799,-1.340661441,4.584842491,2.195246217,        593P   1997
-1.767198365,4.269580708,2.817493258,-1.655889321,3.538338597,       593P   1998
2.503796358,-1.229352397,3.853600379,1.881549317,-2.165282468,       593P   1999
4.688962197,1.392899891,-2.823452492,4.374937361,1.764344304,        593P   2000
-2.586105407,3.643163188,1.532124663,-1.927935383,3.957188024,       593P   2001
1.16068025,-2.431834583,4.74099104,0.84271621,-3.157495936,          593P   2002
4.426288237,1.050199475,-2.872255884,3.694802216,0.87953218,         593P   2003
-2.146594532,4.00950502,0.672048915,-2.555951211,4.845390853,        593P   2004
-0.306581577,-3.299244837,4.530588072,-0.437292516,                  593P   2005
-2.967988728,3.799150441,-0.466091695,-2.224695103,4.113953222,      593P   2006
-0.335380756,-2.410965374,4.897458238,-0.898434311,                  593P   2007
-3.101881666,4.583113026,-1.201480338,-2.773832161,3.851474914,      593P   2008
-1.151170512,-2.082915868,4.165820126,-0.848124485,-1.78006666,      593P   2009
5.00109638,-1.858123928,-2.271643824,4.686121804,-2.430101234,       593P   2010
-1.997244183,3.954754902,-2.242353599,-1.50566702,4.269729478,       593P   2011
-1.670376293,-1.294560047,5.053043495,-2.223124825,                  593P   2012
-1.636959987,4.738593033,-2.895297373,-1.415049703,4.007003621,      593P   2013
-2.648412795,-1.072649762,4.321454084,-1.976240246,                  593P   2014
-0.204535981,5.156176222,-2.563997516,-0.222857141,4.841524332,      593P   2015
-3.318047431,-0.129455803,4.110016408,-2.999313084,                  593P   2016
-0.111134643,4.424668298,-2.245263168,0.398493002,5.207633537,       593P   2017
-2.541202562,0.55442869,4.892371716,-3.279316134,0.571643555,        593P   2018
4.161129621,-2.946901333,0.415707867,4.476391442,-2.208787761,       593P   2019
1.466087956,5.311626441,-2.116022427,1.93162577,4.997600065,         593P   2020
-2.711242117,1.801396351,4.265826555,-2.405836341,1.335858537,       593P   2021
4.579852932,-1.810616651,1.924006887,5.36378796,-1.709039234,        593P   2022
2.514967216,5.049087515,-2.17838019,2.316775113,4.317600483,         593P   2023
-1.911576155,1.725814784,4.632300928,-1.442235198,2.477823702,       593P   2024
5.467972741,-0.697062041,3.214328881,5.153167807,-0.861407362,       593P   2025
2.919479558,4.421731089,-0.707777989,2.182974378,4.736536023,        593P   2026
-0.543432668,2.571252862,5.520089159,-0.09443373,3.325575778,        593P   2027
5.205745146,-0.079393483,3.003294781,4.47410654,-0.000103464,        593P   2028
2.248971866,4.788450553,-0.015143711,2.35622125,5.623776284,         593P   2029
1.034303232,3.029453986,5.308802194,1.374289164,2.70405213,          593P   2030
4.57743506,1.306004868,2.030819394,4.89240915,0.966018936,           593P   2031
2.048710541,5.675585416,1.556466168,2.622881751,5.36113293,          593P   2032
2.045875229,2.323189882,4.629544408,1.903013007,1.749018673,         593P   2033
4.943996895,1.413603946,1.170331957,5.778974712,2.290819297,         593P   2034
1.475859353,5.464325324,2.980546019,1.267569119,4.732816318,         593P   2035
2.721786769,0.962041723,5.047465706,2.032060047,0.605577768,         593P   2036
5.830313511,2.50024279,0.744349803,5.515050335,3.241859189,          593P   2037
0.601074889,4.783808823,2.941370556,0.462302855,5.099071999,         593P   2038
2.199754157,-0.544266541,5.934379346,2.515992815,-0.746451671,       593P   2039
5.620352478,3.244063571,-0.743067236,4.88857918,2.912081043,         593P   2040
-0.540882106,5.202606048,2.184010287,-1.121800974,5.986421083,       593P   2041
2.315940071,-1.487686866,5.671725462,2.975932263,-1.406916618,       593P   2042
4.940236351,2.653555261,-1.041030726,5.254931972,1.99356307,         593P   2043
-2.020592055,6.090511579,1.594402472,-2.637619153,5.775702256,       593P   2044
2.028761952,-2.424301382,5.044267407,1.773760633,-1.807274284,       593P   2045
5.35907673,1.339401152,-2.338252368,6.142670854,1.073389554,         593P   2046
-3.040616422,5.828328479,1.348809672,-2.773411524,5.096689211,       593P   2047
1.151982054,-2.07104747,5.411031585,0.876561936,-2.572609981,        593P   2048
6.246249808,-0.050270003,-3.324742897,5.931277321,-0.105687008,      593P   2049
-2.998084113,5.199909453,-0.167579406,-2.245951198,5.51488194,       593P   2050
-0.112162401,-2.488770052,6.298221243,-0.652205881,                  593P   2051
-3.206666895,5.983765078,-0.884110671,-2.87511153,5.252178155,       593P   2052
-0.867047676,-2.157214687,5.566634321,-0.635142886,                  593P   2053
-1.959524728,6.401538008,-1.66652886,-2.506244289,6.086893026,       593P   2054
-2.186273652,-2.214640824,5.355382128,-2.027217824,                  593P   2055
-1.667921263,5.67002711,-1.507473031,-1.51675197,6.453061479,        593P   2056
-2.077979628,-1.928907211,6.137797754,-2.709986572,                  593P   2057
-1.681491471,5.406556478,-2.487237691,-1.26933623,5.721820203,       593P   2058
-1.855230748,-0.46113053,6.557061186,-2.532262916,-0.553301592,      593P   2059
6.243032985,-3.282157399,-0.429251224,5.51126026,-2.974242628,       593P   2060
-0.337080162,5.825288462,-2.224348145,0.147931485,6.609020875,       593P   2061
-2.569092865,0.232768566,6.294329598,-3.318941522,0.281792642,       593P   2062
5.562838614,-2.990238246,0.196955562,5.87752989,-2.240389589,        593P   2063
1.254884354,6.713128159,-2.247285417,1.65821271,6.398314913,         593P   2064
-2.885031284,1.558969447,5.666881737,-2.567723,1.15564109,           593P   2065
5.981694983,-1.929977132,1.746846988,6.765129966,-1.889180769,       593P   2066
2.289622034,6.450789907,-2.413243769,2.118484035,5.719149684,        593P   2067
-2.128877272,1.575708989,6.033489743,-1.604814272,2.395337477,       593P   2068
6.868845918,-0.940242801,3.111261881,6.55387436,-1.177522418,        593P   2069
2.833297933,5.822506049,-0.995076884,2.117373529,6.137477608,        593P   2070
-0.757797267,2.548694654,6.920709683,-0.353260817,3.30068262,        593P   2071
6.606249838,-0.414749823,2.987950029,5.874664523,-0.303203183,       593P   2072
2.235962063,6.189124367,-0.241714177,2.448732853,7.024228129,        593P   2073
0.788684558,3.152931662,6.709587557,1.05934513,2.822612161,          593P   2074
5.978074758,1.024139261,2.118413352,6.292715329,0.75347869,          593P   2075
2.197236446,7.075760371,1.338611031,2.820105687,6.760495515,         593P   2076
1.764571923,2.506206807,6.029254726,1.653576149,1.883337566,         593P   2077
6.344519582,1.227615256,1.395869757,7.179753593,2.162235126,         593P   2078
1.76824243,6.865724184,2.819549241,1.535721077,6.133951979,          593P   2079
2.582668046,1.163348405,6.447981388,1.925353931,0.847632039,         593P   2080
7.231705364,2.429452725,1.056540598,6.917019049,3.154508502,         593P   2081
0.885338504,6.185525931,2.869707046,0.676429945,6.500212247,         593P   2082
2.144651269,-0.295680844,7.335592514,2.556599556,-0.423163167,       593P   2083
7.020774842,3.300248821,-0.453378936,6.289343547,2.969190709,        593P   2084
-0.325896614,6.604161219,2.225541444,-0.888268689,7.387680955,       593P   2085
2.414735177,-1.188421098,7.073342595,3.106913671,-1.139488534,       593P   2086
6.341701686,2.778663272,-0.839336125,6.656040046,2.086484778,        593P   2087
-1.85054972,7.491313495,1.787905712,-2.420448645,7.176343707,        593P   2088
2.281889911,-2.233862843,6.444974588,2.006706172,-1.663963917,       593P   2089
6.759944377,1.512721973,-2.218319887,7.543300305,1.303695805,        593P   2090
-2.889216974,7.228836436,1.648889269,-2.643177189,6.49725287,        593P   2091
1.425930473,-1.972280101,6.811716739,1.08073701,-2.563931881,        593P   2092
7.64680625,0.210887462,-3.318085646,7.332170418,0.231020747,         593P   2093
-2.99953077,6.600655582,0.136842448,-2.245377005,6.915291415,        593P   2094
0.116709163,-2.542630845,7.698460937,-0.394909856,-3.281224381,      593P   2095
7.383194969,-0.549806456,-2.94871877,6.651954658,-0.567516216,       593P   2096
-2.210125234,6.967220625,-0.412619616,-2.11744686,7.802454249,       593P   2097
-1.462508133,-2.713145322,7.488423729,-1.927007776,                  593P   2098
-2.407649142,6.756652001,-1.79727273,-1.811950679,7.070682521,       593P   2099
-1.332773088,-1.71476253,7.854271848,-1.918429344,-2.185818275,      593P   2100
7.539590676,-2.507886108,-1.918467039,6.808095342,-2.310547763,      593P   2101
-1.447411295,7.122776514,-1.721091,-0.707573974,7.958168702,         593P   2102
-2.474477251,-0.87509741,7.643346471,-3.210140141,-0.720201053,      593P   2103
6.911917118,-2.915992645,-0.552677618,7.226739349,-2.180329754,      593P   2104
-0.107271606,8.010134889,-2.570790194,-0.095971879,7.695798748,      593P   2105
-3.325188663,-0.015082213,6.964156933,-3.003309515,                  593P   2106
-0.026381939,7.278493074,-2.248911046,1.022741232,8.113843136,       593P   2107
-2.361270092,1.359442401,7.798874815,-3.036162101,1.292746879,       593P   2108
7.067505016,-2.710433694,0.956045709,7.382473338,-2.035541686,       593P   2109
1.547674831,8.165751503,-2.05589762,2.034590021,7.851283345,         593P   2110
-2.632352123,1.893034015,7.11970165,-2.331960024,1.406118826,        593P   2111
7.434169808,-1.755505521,2.287665404,8.269483453,-1.17737946,        593P   2112
2.976626033,7.954852652,-1.48497844,2.71844448,7.223335649,          593P   2113
-1.275907992,2.029483851,7.53796645,-0.968309012,2.50018919,         593P   2114
8.321133778,-0.609513536,3.241852045,8.00586637,-0.749452619,        593P   2115
2.941471171,7.274626678,-0.605675701,2.199808316,7.589894086,        593P   2116
-0.465736618,2.515931631,8.425153601,0.539822381,3.24405465,         593P   2117
8.111121955,0.740689705,2.912193886,7.379350712,0.737872101,         593P   2118
2.184070867,7.693382358,0.537004777,2.318913244,8.476920211,         593P   2119
1.114531149,2.979859439,8.162244485,1.478392058,2.657325254,         593P   2120
7.43074681,1.39860549,1.996379059,7.745422535,1.034744582,           593P   2121
1.60349021,8.580621319,2.012778595,2.040667665,8.265794328,          593P   2122
2.627616199,1.784699318,7.534366997,2.415537651,1.347521863,         593P   2123
7.849193988,1.800700047,1.085538151,8.632670685,2.332672572,         593P   2124
1.36458312,8.318336175,3.033612632,1.166378942,7.586693709,          593P   2125
2.76743356,0.887333974,7.901028219,2.0664935,-0.037048874,           593P   2126
8.736263075,2.572830471,-0.088620109,8.421296978,3.325243929,        593P   2127
-0.152180637,7.689926172,2.998910213,-0.100609402,8.004892268,       593P   2128
2.246496755,-0.640556793,8.788313445,2.492316772,-0.869057639,       593P   2129
8.473840585,3.211461857,-0.853575669,7.742260933,2.879744398,        593P   2130
-0.625074824,8.056733793,2.160599312,-1.660847511,8.892035234,       593P   2131
1.964977867,-2.179076647,8.577409856,2.513361773,-2.020865002,       593P   2132
7.845890524,2.2212428,-1.502635866,8.160515902,1.672858895,          593P   2133
-2.076345097,8.943863878,1.520548654,-2.707927852,8.628595709,       593P   2134
1.933854774,-2.485485364,7.897356344,1.685995349,-1.853902609,       593P   2135
8.212624513,1.27268923,-2.530407885,9.047812859,0.465442564,         593P   2136
-3.279821007,8.733779611,0.558920695,-2.972254043,8.002009057,       593P   2137
0.434366385,-2.222840921,8.316042305,0.340888253,-2.56895118,        593P   2138
9.099529148,-0.140152963,-3.318873727,8.784858286,-0.222776254,      593P   2139
-2.990413615,8.053358517,-0.272756273,-2.240491068,8.368029378,      593P   2140
-0.190132982,-2.252963242,9.203169526,-1.243477077,                  593P   2141
-2.892565877,8.888338319,-1.643499529,-2.574822509,8.156912781,      593P   2142
-1.54586862,-1.935219874,8.471743988,-1.145846168,-1.898286475,      593P   2143
9.255122134,-1.736925375,-2.425161154,8.940789678,-2.276963084,      593P   2144
-2.139915963,8.209146376,-2.107314906,-1.613041284,8.523478833,      593P   2145
-1.567277197,-0.952997858,9.358813069,-2.390235345,                  593P   2146
-1.194073801,9.043848496,-3.104883689,-1.010161274,8.312476987,      593P   2147
-2.827901484,-0.769085331,8.62744156,-2.11325314,-0.365761347,       593P   2148
9.410767494,-2.54749115,-0.430986657,9.096290377,-3.299329217,       593P   2149
-0.317868962,8.364712582,-2.987064349,-0.252643651,8.679189699,      593P   2150
-2.235226282,0.781389988,9.514729065,-2.451629834,1.050027493,       593P   2151
9.200108572,-3.156795431,1.015793848,8.468587136,-2.826317778,       593P   2152
0.747156343,8.783207629,-2.121152182,1.335100621,9.566493604,        593P   2153
-2.20065205,1.760075454,9.251223482,-2.824588961,1.649616224,        593P   2154
8.519984957,-2.51034323,1.224641391,8.835255079,-1.88640632,         593P   2155
2.15929334,9.670558629,-1.398731987,2.815781115,9.356524806,         593P   2156
-1.771999356,2.579349551,8.624754499,-1.539187349,1.922861776,       593P   2157
8.938788322,-1.16591998,2.426160566,9.722129997,-0.855673945,        593P   2158
3.150398738,9.407464707,-1.066923493,2.866235282,8.675962541,        593P   2159
-0.894822047,2.14199711,8.990627832,-0.683572499,2.557567938,        593P   2160
9.825656736,0.28321197,3.301688986,9.510820757,0.407000959,          593P   2161
2.97082829,8.779397246,0.438844989,2.226707241,9.094233225,          593P   2162
0.315056,2.419422184,9.87764495,0.875297546,3.113177312,             593P   2163
9.56331401,1.171751956,2.784684369,8.831670109,1.124574488,          593P   2164
2.09092924,9.146001049,0.828120078,1.798112023,9.981229841,          593P   2165
1.840521048,2.29523086,9.666267706,2.407669222,2.019032461,          593P   2166
8.934895097,2.222616049,1.521913624,9.249857232,1.655467874,         593P   2167
1.315111815,10.033324073,2.212223719,1.66380169,9.718842017,         593P   2168
2.881497809,1.4395329,8.987266366,2.636525189,1.090843025,           593P   2169
9.301748423,1.967251099,0.219066489,10.137278206,2.563786899,        593P   2170
0.24153376,9.822663293,3.318057461,0.146356935,9.091139462,          593P   2171
2.999741163,0.123889664,9.405754375,2.245470601,-0.391008399,        593P   2172
10.189257397,2.544183894,-0.544773564,9.873986914,3.283299406,       593P   2173
-0.563022132,9.142748545,2.950695187,-0.409256966,9.458019027,       593P   2174
2.211579675,-1.45803882,10.293195345,2.119227564,-1.921242378,       593P   2175
9.979159653,2.715524452,-1.792124603,9.24739015,2.409915107,         593P   2176
-1.328921045,9.561425842,1.813618218,-1.9128966,10.344790304,        593P   2177
1.720065197,-2.500857756,10.03012907,2.192710385,-2.304356121,       593P   2178
9.29862516,1.924864929,-1.716394965,9.613286394,1.452219742,         593P   2179
-2.470414118,10.448216648,0.719571826,-3.205048799,                  593P   2180
10.133377233,0.890719452,-2.911733089,9.40195518,0.734387352,        593P   2181
-2.177098408,9.716794595,0.563239727,-2.570193709,10.500130729,      593P   2182
0.120679064,-3.324638455,10.185801487,0.113291978,-3.003192036,      593P   2183
9.454156897,0.030733092,-2.248747289,9.768486139,0.038120179,        593P   2184
-2.366598849,10.603824432,-1.010249357,-3.043246506,                 593P   2185
10.288863692,-1.343403972,-2.717182366,9.557490442,                  593P   2186
-1.278419949,-2.040534709,9.872451182,-0.945265334,                  593P   2187
-2.063801017,10.655817512,-1.53803296,-2.642766903,                  593P   2188
10.341331555,-2.022211564,-2.341603326,9.609757603,                  593P   2189
-1.882089156,-1.76263744,9.92424356,-1.397910553,-1.18457449,        593P   2190
10.759984612,-2.284538885,-1.494284274,10.445374081,                 593P   2191
-2.972748085,-1.284416682,9.713848364,-2.715143822,                  593P   2192
-0.974706898,10.028458896,-2.026934622,-0.614140262,                 593P   2193
10.81189151,-2.500125547,-0.755451287,10.496619128,                  593P   2194
-3.241842827,-0.611084251,9.765381575,-2.941588712,                  593P   2195
-0.469773226,10.080653958,-2.199871432,0.535711997,                  593P   2196
10.915958064,-2.515875598,0.735360494,10.601921998,                  593P   2197
-3.244047119,0.733067165,9.870152657,-2.912298902,0.533418668,       593P   2198
10.184188722,-2.184127382,1.107215972,10.967415248,                  593P   2199
-2.321887157,1.469037599,10.652758959,-2.983789529,1.390240576,      593P   2200
9.921252924,-2.661098528,1.028418949,10.235909213,-1.999196156,      593P   2201
2.004911204,11.070729164,-1.612560774,2.617546056,10.755885601,      593P   2202
-2.052549734,2.406712544,10.024465309,-1.795619554,1.794077692,      593P   2203
10.339308872,-1.355630593,2.327073867,11.122678883,                  593P   2204
-1.097569967,3.02658116,10.808350857,-1.380210239,2.761426704,       593P   2205
10.076705791,-1.180642712,2.061919411,10.391033816,                  593P   2206
-0.898002439,2.572983904,11.226286622,0.023940727,3.325657883,       593P   2207
10.911328184,0.071702094,2.999655113,10.179953899,0.136912798,       593P   2208
2.246981134,10.494912337,0.089151431,2.495657855,11.27844257,        593P   2209
0.629272763,3.215985687,10.963952126,0.854470332,2.884121556,        593P   2210
10.232380118,0.840518818,2.163793724,10.546870562,0.615321249,       593P   2211
1.970414399,11.382526149,1.65506911,2.52045956,11.06792059,          593P   2212
2.171754736,2.22782986,10.336392741,2.014398723,1.677784699,         593P   2213
10.650998301,1.497713097,1.524611158,11.434640148,2.074597872,       593P   2214
1.939148698,11.11936722,2.705727256,1.690814481,10.388129902,        593P   2215
2.483612384,1.276276942,10.70340283,1.852483,0.46894745,             593P   2216
11.538643991,2.528898519,0.563488021,11.224606639,3.277919916,       593P   2217
0.438524134,10.49283785,2.970635855,0.343983563,10.806875202,        593P   2218
2.221614459,-0.132359873,11.590030216,2.569003719,-0.212761234,      593P   2219
11.27537758,3.319058867,-0.263706557,10.543869972,2.990815405,       593P   2220
-0.183305196,10.858522608,2.240760257,-1.233761302,                  593P   2221
11.693377587,2.257890815,-1.630969122,11.3785309,2.899101304,        593P   2222
-1.534714139,10.647111938,2.580975767,-1.137506319,                  593P   2223
10.961958625,1.939765278,-1.727548709,11.745177579,1.9068966,        593P   2224
-2.264996901,11.430851346,2.436433139,-2.09675739,10.699205539,      593P   2225
2.150355186,-1.559309198,11.013531771,1.620818647,-2.385636039,      593P   2226
11.84889991,0.964505871,-3.099136495,11.533942038,1.209003566,       593P   2227
-2.823038578,10.802567477,1.023768827,-2.109538122,11.11752535,      593P   2228
0.779271133,-2.546262768,11.900966717,0.37670186,-3.297921477,       593P   2229
11.586478435,0.445208783,-2.986092372,10.854905464,0.3307167,        593P   2230
-2.234433664,11.169393745,0.262209776,-2.454362499,                  593P   2231
12.005215851,-0.773938438,-3.160445925,11.690607568,                 593P   2232
-1.04049935,-2.829827915,10.959080862,-1.007254035,                  593P   2233
-2.123744489,11.273689144,-0.740693122,-2.202898242,                 593P   2234
12.057386173,-1.332734604,-2.827543756,11.742159768,                 593P   2235
-1.757074387,-2.513107844,11.010902633,-1.646998236,                 593P   2236
-1.88846233,11.326129038,-1.222658452,-1.343080816,                  593P   2237
12.168955639,-2.216524345,-1.699000276,11.854992079,                 593P   2238
-2.88903444,-1.471813342,11.123190776,-2.643871205,                  593P   2239
-1.115893882,11.437154335,-1.97136111,-0.697410343,                  593P   2240
12.227908869,-2.497216946,-0.863210501,11.912658214,                 593P   2241
-3.239440569,-0.708377511,11.181411897,-2.941773445,                 593P   2242
-0.542577353,11.496662552,-2.199549822,0.615355903,                  593P   2243
12.346708262,-2.518632607,0.837967658,12.032774331,                  593P   2244
-3.246408712,0.825840842,11.300958269,-2.912345337,0.603229087,      593P   2245
11.6148922,-2.184569232,1.273429851,12.405802182,-2.260580035,       593P   2246
1.679489749,12.090331828,-2.904929761,1.579225171,11.359180774,      593P   2247
-2.583978259,1.173165273,11.674651128,-1.939628533,1.748498032,      593P   2248
12.46577078,-1.798368417,2.289619075,12.151202679,-2.296600216,      593P   2249
2.116024884,11.419661118,-2.023265254,1.57490384,11.73422922,        593P   2250
-1.525033455,0.,0.5,0.0839568222230531,1.;                           593P   2251
126,1,1,1,0,1,0,0.,0.,1.,1.,1.,1.,0.5,1.,0.,0.,1.,0.,0.,1.,0.,       595P   2252
0.,1.;                                                               595P   2253
124,-0.216992739477919,0.676401304426698,0.703843325168129,          597P   2254
-4.99260069744459,-0.91442695122976,-0.393210126563783,              597P   2255
0.0959643018644936,18.5368106222011,0.341668701929975,               597P   2256
-0.622789749223247,0.703843325168273,6.47588094016681;               597P   2257
100,-1.661700936,1.661700936,12.1,2.061700936,12.1,1.261700936,      599P   2258
12.1;                                                                599P   2259
126,1,1,1,0,1,0,0.,0.,1.,1.,1.,1.,0.,1.,0.,0.,0.083956822,0.,        601P   2260
0.,1.,0.,0.,1.;                                                      601P   2261
126,155,3,1,0,0,0,0.0839568222230531,0.0839568222230531,             603P   2262
0.0839568222230531,0.0839568222230531,0.0975073112225231,            603P   2263
0.0975073112225231,0.111057800221993,0.111057800221993,              603P   2264
0.12309607972229,0.12309607972229,0.135134359222588,                 603P   2265
0.135134359222588,0.147172638722885,0.147172638722885,               603P   2266
0.159210918223182,0.159210918223182,0.17145187324354,                603P   2267
0.17145187324354,0.183692828263898,0.183692828263898,                603P   2268
0.195933783284256,0.195933783284256,0.208174738304615,               603P   2269
0.208174738304615,0.220584948478012,0.220584948478012,               603P   2270
0.232995158651409,0.232995158651409,0.245405368824806,               603P   2271
0.245405368824806,0.257815578998203,0.257815578998203,               603P   2272
0.270351342266321,0.270351342266321,0.282887105534439,               603P   2273
0.282887105534439,0.295422868802557,0.295422868802557,               603P   2274
0.307958632070675,0.307958632070675,0.320575460118188,               603P   2275
0.320575460118188,0.333192288165702,0.333192288165702,               603P   2276
0.345809116213215,0.345809116213215,0.358425944260728,               603P   2277
0.358425944260728,0.371072581755227,0.371072581755227,               603P   2278
0.383719219249726,0.383719219249726,0.396365856744224,               603P   2279
0.396365856744224,0.409012494238723,0.409012494238723,               603P   2280
0.421640610838316,0.421640610838316,0.434268727437909,               603P   2281
0.434268727437909,0.446896844037502,0.446896844037502,               603P   2282
0.459524960637095,0.459524960637095,0.472082295412565,               603P   2283
0.472082295412565,0.484639630188035,0.484639630188035,               603P   2284
0.497196964963505,0.497196964963505,0.509754299738975,               603P   2285
0.509754299738975,0.52219641795756,0.52219641795756,                 603P   2286
0.534638536176145,0.534638536176145,0.54708065439473,                603P   2287
0.54708065439473,0.559522772613315,0.559522772613315,                603P   2288
0.571804136343055,0.571804136343055,0.584085500072797,               603P   2289
0.584085500072797,0.596366863802538,0.596366863802538,               603P   2290
0.608648227532279,0.608648227532279,0.620734157318857,               603P   2291
0.620734157318857,0.632820087105435,0.632820087105435,               603P   2292
0.644906016892013,0.644906016892013,0.656991946678591,               603P   2293
0.656991946678591,0.668849933283856,0.668849933283856,               603P   2294
0.680707919889121,0.680707919889121,0.692565906494387,               603P   2295
0.692565906494387,0.704423893099652,0.704423893099652,               603P   2296
0.716028829144061,0.716028829144061,0.72763376518847,                603P   2297
0.72763376518847,0.739238701232878,0.739238701232878,                603P   2298
0.750843637277287,0.750843637277287,0.76377620430665,                603P   2299
0.76377620430665,0.776708771336012,0.776708771336012,                603P   2300
0.789641338365374,0.789641338365374,0.802573905394736,               603P   2301
0.802573905394736,0.815133209275876,0.815133209275876,               603P   2302
0.827692513157015,0.827692513157015,0.840251817038154,               603P   2303
0.840251817038154,0.852811120919293,0.852811120919293,               603P   2304
0.864992420747037,0.864992420747037,0.877173720574781,               603P   2305
0.877173720574781,0.889355020402524,0.889355020402524,               603P   2306
0.901536320230268,0.901536320230268,0.913333539013879,               603P   2307
0.913333539013879,0.925130757797489,0.925130757797489,               603P   2308
0.9369279765811,0.9369279765811,0.948725195364711,                   603P   2309
0.948725195364711,0.961543896523533,0.961543896523533,               603P   2310
0.974362597682355,0.974362597682355,0.987181298841178,               603P   2311
0.987181298841178,0.993590649420589,0.993590649420589,               603P   2312
0.996795324710294,0.996795324710294,0.998397662355147,               603P   2313
0.998397662355147,1.,1.,1.,1.,1.,1.,1.,1.,1.,1.,1.,1.,1.,1.,1.,      603P   2314
1.,1.,1.,1.,1.,1.,1.,1.,1.,1.,1.,1.,1.,1.,1.,1.,1.,1.,1.,1.,1.,      603P   2315
1.,1.,1.,1.,1.,1.,1.,1.,1.,1.,1.,1.,1.,1.,1.,1.,1.,1.,1.,1.,1.,      603P   2316
1.,1.,1.,1.,1.,1.,1.,1.,1.,1.,1.,1.,1.,1.,1.,1.,1.,1.,1.,1.,1.,      603P   2317
1.,1.,1.,1.,1.,1.,1.,1.,1.,1.,1.,1.,1.,1.,1.,1.,1.,1.,1.,1.,1.,      603P   2318
1.,1.,1.,1.,1.,1.,1.,1.,1.,1.,1.,1.,1.,1.,1.,1.,1.,1.,1.,1.,1.,      603P   2319
1.,1.,1.,1.,1.,1.,1.,1.,1.,1.,1.,1.,1.,1.,1.,1.,1.,1.,1.,1.,1.,      603P   2320
1.,1.,1.,1.,1.,1.,1.,1.,1.,1.,1.,1.,1.,1.,1.,1.,1.,1.,1.,            603P   2321
1.748498032,12.46577078,-1.798368417,1.273429851,12.405802182,       603P   2322
-2.260580035,0.615355903,12.346708262,-2.518632607,                  603P   2323
-0.697410343,12.227908869,-2.497216946,-1.343080816,                 603P   2324
12.168955639,-2.216524345,-2.202898242,12.057386173,                 603P   2325
-1.332734604,-2.454362499,12.005215851,-0.773938438,                 603P   2326
-2.546262768,11.900966717,0.37670186,-2.385636039,11.84889991,       603P   2327
0.964505871,-1.727548709,11.745177579,1.9068966,-1.233761302,        603P   2328
11.693377587,2.257890815,-0.132359873,11.590030216,2.569003719,      603P   2329
0.46894745,11.538643991,2.528898519,1.524611158,11.434640148,        603P   2330
2.074597872,1.970414399,11.382526149,1.65506911,2.495657855,         603P   2331
11.27844257,0.629272763,2.572983904,11.226286622,0.023940727,        603P   2332
2.327073867,11.122678883,-1.097569967,2.004911204,11.070729164,      603P   2333
-1.612560774,1.107215972,10.967415248,-2.321887157,0.535711997,      603P   2334
10.915958064,-2.515875598,-0.614140262,10.81189151,                  603P   2335
-2.500125547,-1.18457449,10.759984612,-2.284538885,                  603P   2336
-2.063801017,10.655817512,-1.53803296,-2.366598849,                  603P   2337
10.603824432,-1.010249357,-2.570193709,10.500130729,                 603P   2338
0.120679064,-2.470414118,10.448216648,0.719571826,-1.9128966,        603P   2339
10.344790304,1.720065197,-1.45803882,10.293195345,2.119227564,       603P   2340
-0.391008399,10.189257397,2.544183894,0.219066489,10.137278206,      603P   2341
2.563786899,1.315111815,10.033324073,2.212223719,1.798112023,        603P   2342
9.981229841,1.840521048,2.419422184,9.87764495,0.875297546,          603P   2343
2.557567938,9.825656736,0.28321197,2.426160566,9.722129997,          603P   2344
-0.855673945,2.15929334,9.670558629,-1.398731987,1.335100621,        603P   2345
9.566493604,-2.20065205,0.781389988,9.514729065,-2.451629834,        603P   2346
-0.365761347,9.410767494,-2.54749115,-0.952997858,9.358813069,       603P   2347
-2.390235345,-1.898286475,9.255122134,-1.736925375,                  603P   2348
-2.252963242,9.203169526,-1.243477077,-2.56895118,9.099529148,       603P   2349
-0.140152963,-2.530407885,9.047812859,0.465442564,-2.076345097,      603P   2350
8.943863878,1.520548654,-1.660847511,8.892035234,1.964977867,        603P   2351
-0.640556793,8.788313445,2.492316772,-0.037048874,8.736263075,       603P   2352
2.572830471,1.085538151,8.632670685,2.332672572,1.60349021,          603P   2353
8.580621319,2.012778595,2.318913244,8.476920211,1.114531149,         603P   2354
2.515931631,8.425153601,0.539822381,2.50018919,8.321133778,          603P   2355
-0.609513536,2.287665404,8.269483453,-1.17737946,1.547674831,        603P   2356
8.165751503,-2.05589762,1.022741232,8.113843136,-2.361270092,        603P   2357
-0.107271606,8.010134889,-2.570790194,-0.707573974,7.958168702,      603P   2358
-2.474477251,-1.71476253,7.854271848,-1.918429344,-2.11744686,       603P   2359
7.802454249,-1.462508133,-2.542630845,7.698460937,-0.394909856,      603P   2360
-2.563931881,7.64680625,0.210887462,-2.218319887,7.543300305,        603P   2361
1.303695805,-1.85054972,7.491313495,1.787905712,-0.888268689,        603P   2362
7.387680955,2.414735177,-0.295680844,7.335592514,2.556599556,        603P   2363
0.847632039,7.231705364,2.429452725,1.395869757,7.179753593,         603P   2364
2.162235126,2.197236446,7.075760371,1.338611031,2.448732853,         603P   2365
7.024228129,0.788684558,2.548694654,6.920709683,-0.353260817,        603P   2366
2.395337477,6.868845918,-0.940242801,1.746846988,6.765129966,        603P   2367
-1.889180769,1.254884354,6.713128159,-2.247285417,0.147931485,       603P   2368
6.609020875,-2.569092865,-0.46113053,6.557061186,-2.532262916,       603P   2369
-1.51675197,6.453061479,-2.077979628,-1.959524728,6.401538008,       603P   2370
-1.66652886,-2.488770052,6.298221243,-0.652205881,-2.572609981,      603P   2371
6.246249808,-0.050270003,-2.338252368,6.142670854,1.073389554,       603P   2372
-2.020592055,6.090511579,1.594402472,-1.121800974,5.986421083,       603P   2373
2.315940071,-0.544266541,5.934379346,2.515992815,0.605577768,        603P   2374
5.830313511,2.50024279,1.170331957,5.778974712,2.290819297,          603P   2375
2.048710541,5.675585416,1.556466168,2.35622125,5.623776284,          603P   2376
1.034303232,2.571252862,5.520089159,-0.09443373,2.477823702,         603P   2377
5.467972741,-0.697062041,1.924006887,5.36378796,-1.709039234,        603P   2378
1.466087956,5.311626441,-2.116022427,0.398493002,5.207633537,        603P   2379
-2.541202562,-0.204535981,5.156176222,-2.563997516,                  603P   2380
-1.294560047,5.053043495,-2.223124825,-1.78006666,5.00109638,        603P   2381
-1.858123928,-2.410965374,4.897458238,-0.898434311,                  603P   2382
-2.555951211,4.845390853,-0.306581577,-2.431834583,4.74099104,       603P   2383
0.84271621,-2.165282468,4.688962197,1.392899891,-1.340661441,        603P   2384
4.584842491,2.195246217,-0.793946848,4.533540428,2.446514565,        603P   2385
0.343229762,4.430430954,2.549550741,0.931281332,4.378508367,         603P   2386
2.398690615,1.881654417,4.27491422,1.754713665,2.243416318,          603P   2387
4.222689918,1.262242589,2.568945693,4.118399142,0.154315096,         603P   2388
2.533767652,4.066228559,-0.457641631,2.047194474,3.954838031,        603P   2389
-1.588279117,1.551233972,3.896578389,-2.076213044,0.34136681,        603P   2390
3.77835794,-2.569669729,-0.359688679,3.719691639,-2.567759666,       603P   2391
-1.573826795,3.600671747,-2.061238108,-2.072535905,3.54154308,       603P   2392
-1.559848932,-2.572916306,3.421731666,-0.333807167,                  603P   2393
-2.567099283,3.362095403,0.38017794,-2.047793372,3.243209473,        603P   2394
1.586898975,-1.550839764,3.184788332,2.075963717,-0.344449829,       603P   2395
3.066881348,2.568821484,0.35898335,3.0079759,2.567506586,            603P   2396
1.570991994,2.889205049,2.062966485,2.072095259,2.82980697,          603P   2397
1.560019587,2.572377855,2.71017265,0.336033736,2.567324377,          603P   2398
2.650380694,-0.379673338,2.04790049,2.531470779,-1.586632163,        603P   2399
1.552695552,2.473213334,-2.074946407,0.344290093,2.35509271,         603P   2400
-2.569145526,-0.355972749,2.296490498,-2.568332682,                  603P   2401
-1.571243579,2.177431373,-2.063287954,-2.070740524,2.118287144,      603P   2402
-1.562399192,-2.572725123,1.998403825,-0.336117113,                  603P   2403
-2.567367102,1.938626993,0.379559345,-2.048236927,1.819781907,       603P   2404
1.585864655,-1.551511397,1.76133815,2.075266845,-0.346549564,        603P   2405
1.643543598,2.568385172,0.357545533,1.58457272,2.567706588,          603P   2406
1.569849312,1.46580225,2.063839856,2.070791633,1.406539465,          603P   2407
1.562619932,2.573047226,1.286532941,0.334984402,2.568141937,         603P   2408
1.227040393,-0.377750522,2.016244786,1.100692453,-1.660213863,       603P   2409
1.4252634,1.035230719,-2.190512565,0.022388358,0.902905818,          603P   2410
-2.612603736,-0.77377128,0.836461267,-2.497532449,-2.002666845,      603P   2411
0.70327655,-1.68037041,-2.4242992,0.636035513,-0.983346745,          603P   2412
-2.532563342,0.535108339,0.12901184,-2.484273779,0.501258049,        603P   2413
0.510725369,-2.290178767,0.450287666,1.040122391,-2.205394317,       603P   2414
0.433264749,1.208993618,-2.052555647,0.407936556,1.444237071,        603P   2415
-1.997341603,0.399509771,1.519734133,-1.878898329,0.382644873,       603P   2416
1.664178158,-1.81649911,0.372248799,1.737839902,-1.748558885,        603P   2417
0.365735394,1.798424445,0.0839568222230531,1.,0.064934951,           603P   2418
-0.995931964,0.062473797;                                            603P   2419
126,1,1,1,0,1,0,0.,0.,1.,1.,1.,1.,0.,0.083956822,0.,0.5,             605P   2420
0.083956822,0.,0.,1.,0.,0.,1.;                                       605P   2421
124,-0.217144872636762,-0.676352480518644,0.70384332516821,          607P   2422
-3.19210788593096,0.914338485843587,-0.393415792861593,              607P   2423
-0.0959643018644949,1.67882108776412,0.341808773428682,              607P   2424
0.622712884099375,0.703843325168192,1.06010778237511;                607P   2425
100,1.661700936,-1.661700936,0.,-1.261700936,0.,-2.061700936,        609P   2426
0.;                                                                  609P   2427
126,1,1,1,0,1,0,0.,0.,1.,1.,1.,1.,0.5,0.083956822,0.,0.5,1.,0.,      611P   2428
0.,1.,0.,0.,1.;                                                      611P   2429
126,155,3,1,0,0,0,0.0839568222230531,0.0839568222230531,             613P   2430
0.0839568222230531,0.0839568222230531,0.0855591598679059,            613P   2431
0.0855591598679059,0.0871614975127587,0.0871614975127587,            613P   2432
0.0903661728024643,0.0903661728024643,0.0967755233818755,            613P   2433
0.0967755233818755,0.109594224540698,0.109594224540698,              613P   2434
0.12241292569952,0.12241292569952,0.135231626858342,                 613P   2435
0.135231626858342,0.147028845641953,0.147028845641953,               613P   2436
0.158826064425564,0.158826064425564,0.170623283209174,               613P   2437
0.170623283209174,0.182420501992785,0.182420501992785,               613P   2438
0.194601801820529,0.194601801820529,0.206783101648272,               613P   2439
0.206783101648272,0.218964401476016,0.218964401476016,               613P   2440
0.23114570130376,0.23114570130376,0.243705005184899,                 613P   2441
0.243705005184899,0.256264309066038,0.256264309066038,               613P   2442
0.268823612947178,0.268823612947178,0.281382916828317,               613P   2443
0.281382916828317,0.294315483857679,0.294315483857679,               613P   2444
0.307248050887041,0.307248050887041,0.320180617916403,               613P   2445
0.320180617916403,0.333113184945766,0.333113184945766,               613P   2446
0.344718120990175,0.344718120990175,0.356323057034584,               613P   2447
0.356323057034584,0.367927993078992,0.367927993078992,               613P   2448
0.379532929123401,0.379532929123401,0.391390915728667,               613P   2449
0.391390915728667,0.403248902333932,0.403248902333932,               613P   2450
0.415106888939197,0.415106888939197,0.426964875544462,               613P   2451
0.426964875544462,0.43905080533104,0.43905080533104,                 613P   2452
0.451136735117618,0.451136735117618,0.463222664904197,               613P   2453
0.463222664904197,0.475308594690775,0.475308594690775,               613P   2454
0.487589958420516,0.487589958420516,0.499871322150257,               613P   2455
0.499871322150257,0.512152685879998,0.512152685879998,               613P   2456
0.524434049609739,0.524434049609739,0.536876167828323,               613P   2457
0.536876167828323,0.549318286046908,0.549318286046908,               613P   2458
0.561760404265493,0.561760404265493,0.574202522484078,               613P   2459
0.574202522484078,0.586759857259548,0.586759857259548,               613P   2460
0.599317192035018,0.599317192035018,0.611874526810488,               613P   2461
0.611874526810488,0.624431861585958,0.624431861585958,               613P   2462
0.637059978185551,0.637059978185551,0.649688094785144,               613P   2463
0.649688094785144,0.662316211384738,0.662316211384738,               613P   2464
0.674944327984331,0.674944327984331,0.687590965478829,               613P   2465
0.687590965478829,0.700237602973328,0.700237602973328,               613P   2466
0.712884240467826,0.712884240467826,0.725530877962325,               613P   2467
0.725530877962325,0.738147706009838,0.738147706009838,               613P   2468
0.750764534057351,0.750764534057351,0.763381362104865,               613P   2469
0.763381362104865,0.775998190152378,0.775998190152378,               613P   2470
0.788533953420496,0.788533953420496,0.801069716688614,               613P   2471
0.801069716688614,0.813605479956732,0.813605479956732,               613P   2472
0.82614124322485,0.82614124322485,0.838551453398247,                 613P   2473
0.838551453398247,0.850961663571644,0.850961663571644,               613P   2474
0.863371873745041,0.863371873745041,0.875782083918438,               613P   2475
0.875782083918438,0.888023038938797,0.888023038938797,               613P   2476
0.900263993959155,0.900263993959155,0.912504948979513,               613P   2477
0.912504948979513,0.924745903999871,0.924745903999871,               613P   2478
0.936784183500168,0.936784183500168,0.948822463000466,               613P   2479
0.948822463000466,0.960860742500763,0.960860742500763,               613P   2480
0.97289902200106,0.97289902200106,0.98644951100053,                  613P   2481
0.98644951100053,1.,1.,1.,1.,1.,1.,1.,1.,1.,1.,1.,1.,1.,1.,1.,       613P   2482
1.,1.,1.,1.,1.,1.,1.,1.,1.,1.,1.,1.,1.,1.,1.,1.,1.,1.,1.,1.,1.,      613P   2483
1.,1.,1.,1.,1.,1.,1.,1.,1.,1.,1.,1.,1.,1.,1.,1.,1.,1.,1.,1.,1.,      613P   2484
1.,1.,1.,1.,1.,1.,1.,1.,1.,1.,1.,1.,1.,1.,1.,1.,1.,1.,1.,1.,1.,      613P   2485
1.,1.,1.,1.,1.,1.,1.,1.,1.,1.,1.,1.,1.,1.,1.,1.,1.,1.,1.,1.,1.,      613P   2486
1.,1.,1.,1.,1.,1.,1.,1.,1.,1.,1.,1.,1.,1.,1.,1.,1.,1.,1.,1.,1.,      613P   2487
1.,1.,1.,1.,1.,1.,1.,1.,1.,1.,1.,1.,1.,1.,1.,1.,1.,1.,1.,1.,1.,      613P   2488
1.,1.,1.,1.,1.,1.,1.,1.,1.,1.,1.,1.,1.,1.,1.,1.,1.,1.,1.,            613P   2489
-1.574842987,-0.365735394,1.524977426,-1.630765523,                  613P   2490
-0.355360945,1.461699208,-1.684988805,-0.348888205,1.404557603,      613P   2491
-1.784691401,-0.331999865,1.275157101,-1.830999538,                  613P   2492
-0.323542067,1.207605413,-1.958503036,-0.298150392,0.997695031,      613P   2493
-2.028255991,-0.281253189,0.84818354,-2.183824207,-0.230388328,      613P   2494
0.381079784,-2.215867845,-0.196442539,0.046350331,-2.091837925,      613P   2495
-0.095419784,-0.92313665,-1.705792635,-0.028379765,-1.52059104,      613P   2496
-0.609525149,0.105131253,-2.202296396,0.088481572,0.17143548,        613P   2497
-2.281657731,1.302937806,0.303778473,-1.875939064,1.805069729,       613P   2498
0.369523405,-1.396032345,2.253500717,0.495225645,-0.263444478,       613P   2499
2.2382932,0.555284234,0.361042426,1.768586809,0.674757468,           613P   2500
1.418983912,1.316191939,0.734534435,1.844270156,0.245638889,         613P   2501
0.852803682,2.252593095,-0.371009727,0.912289463,2.233930014,        613P   2502
-1.409410117,1.029561387,1.772775259,-1.831063985,1.088575425,       613P   2503
1.330372056,-2.252871258,1.206813201,0.2650418,-2.237985347,         613P   2504
1.267153801,-0.362020135,-1.768545636,1.386506071,-1.418792111,      613P   2505
-1.317423057,1.446163967,-1.843824646,-0.244250128,1.564720977,      613P   2506
-2.253098728,0.369060757,1.623840517,-2.234648774,1.410432411,       613P   2507
1.741435096,-1.772467906,1.830790256,1.800264683,-1.331050031,       613P   2508
2.252836921,1.91856696,-0.265142305,2.237678443,1.978924896,         613P   2509
0.361944048,1.769794727,2.098024698,1.416745667,1.317202765,         613P   2510
2.157940122,1.843537273,0.246906838,2.276205045,2.252456085,         613P   2511
-0.369195547,2.335630602,2.234357842,-1.408836004,2.453009387,       613P   2512
1.773407207,-1.830703678,2.512003512,1.331285461,-2.252653552,       613P   2513
2.630281923,0.265588142,-2.238199432,2.690487066,-0.360021138,       613P   2514
-1.770189462,2.809758706,-1.416602699,-1.319708486,2.869411339,      613P   2515
-1.84210196,-0.247527328,2.987917754,-2.252695601,0.366534131,       613P   2516
3.04711096,-2.235170446,1.409180251,3.16479686,-1.773621163,         613P   2517
1.830216762,3.223632764,-1.332504442,2.22557098,3.334454078,         613P   2518
-0.333998907,2.240077724,3.38691465,0.202545664,1.926417059,         613P   2519
3.491250892,1.161951459,1.5980218,3.543276891,1.58238643,            613P   2520
0.7498741,3.647141875,2.120065794,0.232944763,3.698840212,           613P   2521
2.2364557,-0.758036887,3.802034109,2.116324799,-1.229352397,         613P   2522
3.853600379,1.881549317,-1.927935383,3.957188024,1.16068025,         613P   2523
-2.146594532,4.00950502,0.672048915,-2.224695103,4.113953222,        613P   2524
-0.335380756,-2.082915868,4.165820126,-0.848124485,-1.50566702,      613P   2525
4.269729478,-1.670376293,-1.072649762,4.321454084,-1.976240246,      613P   2526
-0.111134643,4.424668298,-2.245263168,0.415707867,4.476391442,       613P   2527
-2.208787761,1.335858537,4.579852932,-1.810616651,1.725814784,       613P   2528
4.632300928,-1.442235198,2.182974378,4.736536023,-0.543432668,       613P   2529
2.248971866,4.788450553,-0.015143711,2.030819394,4.89240915,         613P   2530
0.966018936,1.749018673,4.943996895,1.413603946,0.962041723,         613P   2531
5.047465706,2.032060047,0.462302855,5.099071999,2.199754157,         613P   2532
-0.540882106,5.202606048,2.184010287,-1.041030726,5.254931972,       613P   2533
1.99356307,-1.807274284,5.35907673,1.339401152,-2.07104747,          613P   2534
5.411031585,0.876561936,-2.245951198,5.51488194,-0.112162401,        613P   2535
-2.157214687,5.566634321,-0.635142886,-1.667921263,5.67002711,       613P   2536
-1.507473031,-1.26933623,5.721820203,-1.855230748,-0.337080162,      613P   2537
5.825288462,-2.224348145,0.196955562,5.87752989,-2.240389589,        613P   2538
1.15564109,5.981694983,-1.929977132,1.575708989,6.033489743,         613P   2539
-1.604814272,2.117373529,6.137477608,-0.757797267,2.235962063,       613P   2540
6.189124367,-0.241714177,2.118413352,6.292715329,0.75347869,         613P   2541
1.883337566,6.344519582,1.227615256,1.163348405,6.447981388,         613P   2542
1.925353931,0.676429945,6.500212247,2.144651269,-0.325896614,        613P   2543
6.604161219,2.225541444,-0.839336125,6.656040046,2.086484778,        613P   2544
-1.663963917,6.759944377,1.512721973,-1.972280101,6.811716739,       613P   2545
1.08073701,-2.245377005,6.915291415,0.116709163,-2.210125234,        613P   2546
6.967220625,-0.412619616,-1.811950679,7.070682521,-1.332773088,      613P   2547
-1.447411295,7.122776514,-1.721091,-0.552677618,7.226739349,         613P   2548
-2.180329754,-0.026381939,7.278493074,-2.248911046,0.956045709,      613P   2549
7.382473338,-2.035541686,1.406118826,7.434169808,-1.755505521,       613P   2550
2.029483851,7.53796645,-0.968309012,2.199808316,7.589894086,         613P   2551
-0.465736618,2.184070867,7.693382358,0.537004777,1.996379059,        613P   2552
7.745422535,1.034744582,1.347521863,7.849193988,1.800700047,         613P   2553
0.887333974,7.901028219,2.0664935,-0.100609402,8.004892268,          613P   2554
2.246496755,-0.625074824,8.056733793,2.160599312,-1.502635866,       613P   2555
8.160515902,1.672858895,-1.853902609,8.212624513,1.27268923,         613P   2556
-2.222840921,8.316042305,0.340888253,-2.240491068,8.368029378,       613P   2557
-0.190132982,-1.935219874,8.471743988,-1.145846168,                  613P   2558
-1.613041284,8.523478833,-1.567277197,-0.769085331,8.62744156,       613P   2559
-2.11325314,-0.252643651,8.679189699,-2.235226282,0.747156343,       613P   2560
8.783207629,-2.121152182,1.224641391,8.835255079,-1.88640632,        613P   2561
1.922861776,8.938788322,-1.16591998,2.14199711,8.990627832,          613P   2562
-0.683572499,2.226707241,9.094233225,0.315056,2.09092924,            613P   2563
9.146001049,0.828120078,1.521913624,9.249857232,1.655467874,         613P   2564
1.090843025,9.301748423,1.967251099,0.123889664,9.405754375,         613P   2565
2.245470601,-0.409256966,9.458019027,2.211579675,-1.328921045,       613P   2566
9.561425842,1.813618218,-1.716394965,9.613286394,1.452219742,        613P   2567
-2.177098408,9.716794595,0.563239727,-2.248747289,9.768486139,       613P   2568
0.038120179,-2.040534709,9.872451182,-0.945265334,-1.76263744,       613P   2569
9.92424356,-1.397910553,-0.974706898,10.028458896,-2.026934622,      613P   2570
-0.469773226,10.080653958,-2.199871432,0.533418668,                  613P   2571
10.184188722,-2.184127382,1.028418949,10.235909213,                  613P   2572
-1.999196156,1.794077692,10.339308872,-1.355630593,2.061919411,      613P   2573
10.391033816,-0.898002439,2.246981134,10.494912337,0.089151431,      613P   2574
2.163793724,10.546870562,0.615321249,1.677784699,10.650998301,       613P   2575
1.497713097,1.276276942,10.70340283,1.852483,0.343983563,            613P   2576
10.806875202,2.221614459,-0.183305196,10.858522608,2.240760257,      613P   2577
-1.137506319,10.961958625,1.939765278,-1.559309198,                  613P   2578
11.013531771,1.620818647,-2.109538122,11.11752535,0.779271133,       613P   2579
-2.234433664,11.169393745,0.262209776,-2.123744489,                  613P   2580
11.273689144,-0.740693122,-1.88846233,11.326129038,                  613P   2581
-1.222658452,-1.115893882,11.437154335,-1.97136111,                  613P   2582
-0.542577353,11.496662552,-2.199549822,0.603229087,11.6148922,       613P   2583
-2.184569232,1.173165273,11.674651128,-1.939628533,1.57490384,       613P   2584
11.73422922,-1.525033455,0.0839568222230531,1.,0.128620944,          613P   2585
0.990496247,0.048722035;                                             613P   2586
102,4,595,601,605,611;                                               615P   2587
102,4,599,603,609,613;                                               617P   2588
142,1,593,615,617,1;                                                 619P   2589
144,593,1,0,619;                                                     621P   2590
S      1G      4D    622P   2590                                        T      1
